date,iso_code,location,new_cases_smoothed,hosp_patients,retail_and_recreation_percent_change_from_baseline,grocery_and_pharmacy_percent_change_from_baseline,parks_percent_change_from_baseline,transit_stations_percent_change_from_baseline,workplaces_percent_change_from_baseline,residential_percent_change_from_baseline,mobility_avg
2020-02-15,USA,United States,1.57,0.0,6.0,2.0,15.0,3.0,2.0,-1.0,5.6
2020-02-16,USA,United States,0.57,0.0,7.0,1.0,16.0,2.0,0.0,-1.0,5.2
2020-02-17,USA,United States,0.57,0.0,6.0,0.0,28.0,-9.0,-24.0,5.0,0.2
2020-02-18,USA,United States,0.57,0.0,0.0,-1.0,6.0,1.0,0.0,1.0,1.2
2020-02-19,USA,United States,0.57,0.0,2.0,0.0,8.0,1.0,1.0,0.0,2.4
2020-02-20,USA,United States,0.57,0.0,1.0,0.0,4.0,0.0,0.0,1.0,1.0
2020-02-21,USA,United States,0.57,0.0,2.0,-2.0,4.0,1.0,0.0,0.0,1.0
2020-02-22,USA,United States,0.57,0.0,7.0,3.0,23.0,5.0,4.0,-1.0,8.4
2020-02-23,USA,United States,2.29,0.0,7.0,3.0,23.0,5.0,2.0,-1.0,8.0
2020-02-24,USA,United States,2.29,0.0,2.0,1.0,9.0,1.0,3.0,0.0,3.2
2020-02-25,USA,United States,2.29,0.0,4.0,1.0,9.0,2.0,2.0,0.0,3.6
2020-02-26,USA,United States,2.29,0.0,7.0,2.0,5.0,3.0,2.0,-1.0,3.8
2020-02-27,USA,United States,2.29,0.0,8.0,3.0,12.0,4.0,2.0,0.0,5.8
2020-02-28,USA,United States,2.29,0.0,8.0,3.0,10.0,5.0,2.0,-1.0,5.6
2020-02-29,USA,United States,2.29,0.0,12.0,7.0,21.0,7.0,4.0,-2.0,10.2
2020-03-01,USA,United States,4.71,0.0,13.0,9.0,18.0,7.0,3.0,-1.0,10.0
2020-03-02,USA,United States,4.71,0.0,7.0,6.0,10.0,2.0,3.0,-1.0,5.6
2020-03-03,USA,United States,4.71,0.0,11.0,10.0,20.0,3.0,2.0,-1.0,9.2
2020-03-04,USA,United States,4.71,0.0,8.0,6.0,17.0,2.0,3.0,-1.0,7.2
2020-03-05,USA,United States,4.71,0.0,8.0,7.0,21.0,2.0,3.0,-1.0,8.2
2020-03-06,USA,United States,4.71,0.0,5.0,3.0,12.0,2.0,2.0,-1.0,4.8
2020-03-07,USA,United States,4.71,0.0,10.0,8.0,29.0,7.0,5.0,-1.0,11.8
2020-03-08,USA,United States,55.86,0.0,10.0,7.0,40.0,5.0,2.0,-1.0,12.8
2020-03-09,USA,United States,55.86,0.0,6.0,6.0,31.0,-1.0,0.0,0.0,8.4
2020-03-10,USA,United States,55.86,0.0,6.0,7.0,18.0,-3.0,-2.0,1.0,5.2
2020-03-11,USA,United States,55.86,0.0,8.0,10.0,26.0,-2.0,-1.0,0.0,8.2
2020-03-12,USA,United States,55.86,0.0,6.0,23.0,19.0,-6.0,-3.0,1.0,7.8
2020-03-13,USA,United States,55.86,0.0,2.0,26.0,4.0,-10.0,-7.0,3.0,3.0
2020-03-14,USA,United States,55.86,0.0,-6.0,18.0,3.0,-10.0,-1.0,3.0,0.8
2020-03-15,USA,United States,495.0,0.0,-9.0,12.0,5.0,-13.0,-7.0,3.0,-2.4
2020-03-16,USA,United States,495.0,0.0,-8.0,21.0,-1.0,-22.0,-20.0,8.0,-6.0
2020-03-17,USA,United States,495.0,0.0,-18.0,14.0,8.0,-26.0,-27.0,11.0,-9.8
2020-03-18,USA,United States,495.0,0.0,-24.0,8.0,6.0,-30.0,-31.0,13.0,-14.2
2020-03-19,USA,United States,495.0,0.0,-28.0,7.0,2.0,-36.0,-33.0,15.0,-17.6
2020-03-20,USA,United States,495.0,0.0,-32.0,5.0,-2.0,-37.0,-36.0,16.0,-20.4
2020-03-21,USA,United States,495.0,0.0,-40.0,-2.0,-3.0,-36.0,-24.0,12.0,-21.0
2020-03-22,USA,United States,3926.57,0.0,-44.0,-13.0,-12.0,-44.0,-31.0,11.0,-28.8
2020-03-23,USA,United States,3926.57,0.0,-38.0,-10.0,-23.0,-47.0,-41.0,17.0,-31.8
2020-03-24,USA,United States,3926.57,0.0,-39.0,-12.0,-10.0,-46.0,-45.0,19.0,-30.4
2020-03-25,USA,United States,3926.57,0.0,-40.0,-15.0,-7.0,-47.0,-46.0,19.0,-31.0
2020-03-26,USA,United States,3926.57,0.0,-40.0,-14.0,3.0,-48.0,-47.0,20.0,-29.2
2020-03-27,USA,United States,3926.57,0.0,-42.0,-16.0,-7.0,-49.0,-46.0,21.0,-32.0
2020-03-28,USA,United States,3926.57,0.0,-48.0,-19.0,-25.0,-49.0,-34.0,15.0,-35.0
2020-03-29,USA,United States,13556.29,0.0,-47.0,-22.0,-19.0,-51.0,-38.0,12.0,-35.4
2020-03-30,USA,United States,13556.29,0.0,-40.0,-18.0,-15.0,-50.0,-48.0,19.0,-34.2
2020-03-31,USA,United States,13556.29,0.0,-40.0,-16.0,-16.0,-49.0,-49.0,20.0,-34.0
2020-04-01,USA,United States,13556.29,0.0,-37.0,-11.0,-7.0,-48.0,-49.0,20.0,-30.4
2020-04-02,USA,United States,13556.29,0.0,-40.0,-11.0,-9.0,-51.0,-50.0,21.0,-32.2
2020-04-03,USA,United States,13556.29,0.0,-42.0,-12.0,-21.0,-51.0,-50.0,22.0,-35.2
2020-04-04,USA,United States,13556.29,0.0,-48.0,-15.0,-24.0,-50.0,-37.0,15.0,-34.8
2020-04-05,USA,United States,25164.43,0.0,-49.0,-20.0,-20.0,-54.0,-40.0,13.0,-36.6
2020-04-06,USA,United States,25164.43,0.0,-42.0,-16.0,-10.0,-52.0,-50.0,20.0,-34.0
2020-04-07,USA,United States,25164.43,0.0,-42.0,-14.0,-2.0,-51.0,-51.0,21.0,-32.0
2020-04-08,USA,United States,25164.43,0.0,-42.0,-15.0,-6.0,-51.0,-51.0,21.0,-33.0
2020-04-09,USA,United States,25164.43,0.0,-43.0,-13.0,-21.0,-54.0,-52.0,22.0,-36.6
2020-04-10,USA,United States,25164.43,0.0,-43.0,-13.0,-21.0,-54.0,-56.0,24.0,-37.4
2020-04-11,USA,United States,25164.43,0.0,-45.0,-7.0,-16.0,-49.0,-38.0,14.0,-31.0
2020-04-12,USA,United States,31310.29,0.0,-63.0,-39.0,-36.0,-56.0,-45.0,13.0,-47.8
2020-04-13,USA,United States,31310.29,0.0,-45.0,-22.0,-31.0,-55.0,-51.0,21.0,-40.8
2020-04-14,USA,United States,31310.29,0.0,-40.0,-16.0,-15.0,-50.0,-50.0,20.0,-34.2
2020-04-15,USA,United States,31310.29,0.0,-36.0,-13.0,-16.0,-49.0,-49.0,20.0,-32.6
2020-04-16,USA,United States,31310.29,0.0,-39.0,-13.0,-14.0,-50.0,-49.0,21.0,-33.0
2020-04-17,USA,United States,31310.29,0.0,-42.0,-17.0,-22.0,-51.0,-48.0,22.0,-36.0
2020-04-18,USA,United States,31310.29,0.0,-45.0,-15.0,-20.0,-47.0,-33.0,14.0,-32.0
2020-04-19,USA,United States,28021.43,0.0,-45.0,-19.0,-10.0,-50.0,-37.0,11.0,-32.2
2020-04-20,USA,United States,28021.43,0.0,-39.0,-16.0,-7.0,-49.0,-48.0,19.0,-31.8
2020-04-21,USA,United States,28021.43,0.0,-38.0,-14.0,-8.0,-49.0,-49.0,20.0,-31.6
2020-04-22,USA,United States,28021.43,0.0,-38.0,-14.0,-9.0,-48.0,-49.0,20.0,-31.6
2020-04-23,USA,United States,28021.43,0.0,-40.0,-14.0,-14.0,-50.0,-49.0,21.0,-33.4
2020-04-24,USA,United States,28021.43,0.0,-40.0,-16.0,-14.0,-50.0,-48.0,21.0,-33.6
2020-04-25,USA,United States,28021.43,0.0,-41.0,-11.0,2.0,-42.0,-32.0,12.0,-24.8
2020-04-26,USA,United States,29309.29,0.0,-42.0,-16.0,-11.0,-48.0,-36.0,11.0,-30.6
2020-04-27,USA,United States,29309.29,0.0,-35.0,-13.0,-4.0,-48.0,-46.0,18.0,-29.2
2020-04-28,USA,United States,29309.29,0.0,-34.0,-10.0,6.0,-45.0,-48.0,12.0,-26.2
2020-04-29,USA,United States,29309.29,0.0,-34.0,-11.0,-7.0,-46.0,-47.0,19.0,-29.0
2020-04-30,USA,United States,29309.29,0.0,-34.0,-9.0,-7.0,-47.0,-47.0,19.0,-28.8
2020-05-01,USA,United States,29309.29,0.0,-32.0,-7.0,7.0,-43.0,-45.0,18.0,-24.0
2020-05-02,USA,United States,29309.29,0.0,-34.0,-4.0,28.0,-35.0,-29.0,10.0,-14.8
2020-05-03,USA,United States,28348.0,0.0,-34.0,-8.0,22.0,-40.0,-31.0,8.0,-18.2
2020-05-04,USA,United States,28348.0,0.0,-29.0,-7.0,5.0,-44.0,-44.0,16.0,-23.8
2020-05-05,USA,United States,28348.0,0.0,-28.0,-3.0,5.0,-43.0,-45.0,17.0,-22.8
2020-05-06,USA,United States,28348.0,0.0,-29.0,-6.0,6.0,-43.0,-44.0,17.0,-23.2
2020-05-07,USA,United States,28348.0,0.0,-29.0,-3.0,21.0,-42.0,-44.0,17.0,-19.4
2020-05-08,USA,United States,28348.0,0.0,-32.0,-5.0,-2.0,-43.0,-43.0,18.0,-25.0
2020-05-09,USA,United States,28348.0,0.0,-30.0,7.0,9.0,-35.0,-26.0,9.0,-15.0
2020-05-10,USA,United States,26035.14,0.0,-30.0,1.0,6.0,-37.0,-27.0,7.0,-17.4
2020-05-11,USA,United States,26035.14,0.0,-31.0,-11.0,-3.0,-44.0,-42.0,16.0,-26.2
2020-05-12,USA,United States,26035.14,0.0,-28.0,-6.0,10.0,-41.0,-43.0,16.0,-21.6
2020-05-13,USA,United States,26035.14,0.0,-26.0,-5.0,18.0,-40.0,-42.0,16.0,-19.0
2020-05-14,USA,United States,26035.14,0.0,-28.0,-5.0,17.0,-42.0,-43.0,17.0,-20.2
2020-05-15,USA,United States,26035.14,0.0,-29.0,-7.0,21.0,-40.0,-42.0,16.0,-19.4
2020-05-16,USA,United States,26035.14,0.0,-30.0,-3.0,32.0,-34.0,-24.0,9.0,-11.8
2020-05-17,USA,United States,24147.43,0.0,-30.0,-8.0,17.0,-39.0,-25.0,8.0,-17.0
2020-05-18,USA,United States,24147.43,0.0,-26.0,-8.0,2.0,-43.0,-40.0,15.0,-23.0
2020-05-19,USA,United States,24147.43,0.0,-24.0,-4.0,15.0,-40.0,-41.0,15.0,-18.8
2020-05-20,USA,United States,24147.43,0.0,-22.0,-3.0,23.0,-38.0,-41.0,15.0,-16.2
2020-05-21,USA,United States,24147.43,0.0,-22.0,-1.0,31.0,-37.0,-41.0,15.0,-14.0
2020-05-22,USA,United States,24147.43,0.0,-24.0,-2.0,31.0,-36.0,-41.0,15.0,-14.4
2020-05-23,USA,United States,24147.43,0.0,-27.0,0.0,43.0,-30.0,-21.0,7.0,-7.0
2020-05-24,USA,United States,23760.71,0.0,-25.0,-2.0,57.0,-33.0,-24.0,5.0,-5.4
2020-05-25,USA,United States,23760.71,0.0,-28.0,-8.0,60.0,-48.0,-72.0,20.0,-19.2
2020-05-26,USA,United States,23760.71,0.0,-22.0,-3.0,28.0,-37.0,-39.0,14.0,-14.6
2020-05-27,USA,United States,23760.71,0.0,-21.0,-4.0,32.0,-37.0,-38.0,14.0,-13.6
2020-05-28,USA,United States,23760.71,0.0,-21.0,-2.0,26.0,-37.0,-38.0,14.0,-14.4
2020-05-29,USA,United States,23760.71,0.0,-23.0,-5.0,29.0,-36.0,-37.0,14.0,-14.4
2020-05-30,USA,United States,23760.71,0.0,-24.0,-1.0,48.0,-26.0,-12.0,6.0,-3.0
2020-05-31,USA,United States,20919.43,0.0,-23.0,-4.0,47.0,-30.0,-16.0,5.0,-5.2
2020-06-01,USA,United States,20919.43,0.0,-18.0,-2.0,28.0,-36.0,-37.0,12.0,-13.0
2020-06-02,USA,United States,20919.43,0.0,-18.0,0.0,35.0,-36.0,-37.0,13.0,-11.2
2020-06-03,USA,United States,20919.43,0.0,-16.0,1.0,33.0,-35.0,-37.0,13.0,-10.8
2020-06-04,USA,United States,20919.43,0.0,-18.0,1.0,40.0,-35.0,-37.0,13.0,-9.8
2020-06-05,USA,United States,20919.43,0.0,-20.0,-2.0,34.0,-34.0,-36.0,13.0,-11.6
2020-06-06,USA,United States,20919.43,0.0,-21.0,1.0,51.0,-25.0,-13.0,5.0,-1.4
2020-06-07,USA,United States,21397.14,0.0,-19.0,-2.0,53.0,-28.0,-16.0,4.0,-2.4
2020-06-08,USA,United States,21397.14,0.0,-16.0,-2.0,39.0,-34.0,-36.0,11.0,-9.8
2020-06-09,USA,United States,21397.14,0.0,-16.0,-1.0,36.0,-34.0,-36.0,12.0,-10.2
2020-06-10,USA,United States,21397.14,0.0,-14.0,-1.0,40.0,-33.0,-36.0,12.0,-8.8
2020-06-11,USA,United States,21397.14,0.0,-15.0,0.0,49.0,-33.0,-36.0,12.0,-7.0
2020-06-12,USA,United States,21397.14,0.0,-17.0,-1.0,57.0,-30.0,-35.0,11.0,-5.2
2020-06-13,USA,United States,21397.14,0.0,-18.0,2.0,74.0,-20.0,-10.0,4.0,5.6
2020-06-14,USA,United States,21696.57,0.0,-16.0,-2.0,68.0,-23.0,-13.0,3.0,2.8
2020-06-15,USA,United States,21696.57,0.0,-14.0,-2.0,45.0,-32.0,-35.0,11.0,-7.6
2020-06-16,USA,United States,21696.57,0.0,-13.0,1.0,57.0,-31.0,-36.0,11.0,-4.4
2020-06-17,USA,United States,21696.57,0.0,-12.0,0.0,58.0,-31.0,-36.0,11.0,-4.2
2020-06-18,USA,United States,21696.57,0.0,-13.0,1.0,59.0,-31.0,-36.0,11.0,-4.0
2020-06-19,USA,United States,21696.57,0.0,-15.0,0.0,60.0,-28.0,-36.0,9.0,-3.8
2020-06-20,USA,United States,21696.57,0.0,-17.0,6.0,69.0,-20.0,-11.0,3.0,5.4
2020-06-21,USA,United States,25717.29,0.0,-17.0,2.0,59.0,-23.0,-13.0,2.0,1.6
2020-06-22,USA,United States,25717.29,0.0,-16.0,-5.0,43.0,-32.0,-38.0,11.0,-9.6
2020-06-23,USA,United States,25717.29,0.0,-13.0,0.0,54.0,-30.0,-38.0,11.0,-5.4
2020-06-24,USA,United States,25717.29,0.0,-12.0,-1.0,57.0,-30.0,-36.0,11.0,-4.4
2020-06-25,USA,United States,25717.29,0.0,-13.0,1.0,64.0,-29.0,-36.0,11.0,-2.6
2020-06-26,USA,United States,25717.29,0.0,-17.0,-3.0,57.0,-28.0,-36.0,11.0,-5.4
2020-06-27,USA,United States,25717.29,0.0,-19.0,-1.0,62.0,-20.0,-12.0,4.0,2.0
2020-06-28,USA,United States,36896.86,0.0,-17.0,-4.0,55.0,-22.0,-12.0,3.0,0.0
2020-06-29,USA,United States,36896.86,0.0,-13.0,-3.0,46.0,-31.0,-36.0,10.0,-7.4
2020-06-30,USA,United States,36896.86,0.0,-10.0,1.0,50.0,-30.0,-37.0,11.0,-5.2
2020-07-01,USA,United States,36896.86,0.0,-7.0,4.0,54.0,-27.0,-37.0,10.0,-2.6
2020-07-02,USA,United States,36896.86,0.0,-4.0,11.0,77.0,-24.0,-39.0,10.0,4.2
2020-07-03,USA,United States,36896.86,0.0,-10.0,11.0,86.0,-30.0,-57.0,14.0,0.0
2020-07-04,USA,United States,36896.86,0.0,-35.0,-2.0,81.0,-30.0,-28.0,5.0,-2.8
2020-07-05,USA,United States,48880.86,0.0,-22.0,-10.0,53.0,-23.0,-19.0,3.0,-4.2
2020-07-06,USA,United States,48880.86,0.0,-13.0,-2.0,48.0,-30.0,-41.0,11.0,-7.6
2020-07-07,USA,United States,48880.86,0.0,-13.0,0.0,51.0,-29.0,-39.0,11.0,-6.0
2020-07-08,USA,United States,48880.86,0.0,-12.0,-1.0,52.0,-30.0,-37.0,11.0,-5.6
2020-07-09,USA,United States,48880.86,0.0,-13.0,1.0,59.0,-30.0,-38.0,11.0,-4.2
2020-07-10,USA,United States,48880.86,0.0,-18.0,-4.0,43.0,-31.0,-37.0,11.0,-9.4
2020-07-11,USA,United States,48880.86,0.0,-19.0,0.0,62.0,-21.0,-12.0,4.0,2.0
2020-07-12,USA,United States,56029.29,0.0,-17.0,-3.0,64.0,-23.0,-15.0,3.0,1.2
2020-07-13,USA,United States,56029.29,0.0,-13.0,-2.0,53.0,-31.0,-38.0,10.0,-6.2
2020-07-14,USA,United States,56029.29,0.0,-12.0,0.0,59.0,-31.0,-38.0,11.0,-4.4
2020-07-15,USA,United States,56029.29,33760.0,-12.0,-1.0,56.0,-31.0,-37.0,11.0,-5.0
2020-07-16,USA,United States,56029.29,38539.0,-13.0,0.0,62.0,-31.0,-37.0,11.0,-3.8
2020-07-17,USA,United States,56029.29,40062.0,-17.0,-3.0,54.0,-29.0,-37.0,11.0,-6.4
2020-07-18,USA,United States,56029.29,40376.0,-19.0,-1.0,74.0,-21.0,-13.0,4.0,4.0
2020-07-19,USA,United States,66609.57,37897.0,-17.0,-4.0,60.0,-24.0,-16.0,3.0,-0.2
2020-07-20,USA,United States,66609.57,41140.0,-14.0,-4.0,51.0,-32.0,-38.0,10.0,-7.4
2020-07-21,USA,United States,66609.57,42195.0,-13.0,-2.0,54.0,-32.0,-38.0,11.0,-6.2
2020-07-22,USA,United States,66609.57,46107.0,-13.0,-3.0,47.0,-32.0,-37.0,11.0,-7.6
2020-07-23,USA,United States,66609.57,47834.0,-14.0,-2.0,55.0,-31.0,-37.0,11.0,-5.8
2020-07-24,USA,United States,66609.57,46748.0,-17.0,-4.0,55.0,-30.0,-37.0,11.0,-6.6
2020-07-25,USA,United States,66609.57,51831.0,-19.0,-2.0,77.0,-21.0,-13.0,4.0,4.4
2020-07-26,USA,United States,66843.0,43096.0,-17.0,-5.0,65.0,-24.0,-16.0,3.0,0.6
2020-07-27,USA,United States,66843.0,47165.0,-14.0,-4.0,48.0,-32.0,-38.0,10.0,-8.0
2020-07-28,USA,United States,66843.0,48115.0,-14.0,-3.0,53.0,-32.0,-38.0,11.0,-6.8
2020-07-29,USA,United States,66843.0,45617.0,-13.0,-3.0,56.0,-31.0,-38.0,10.0,-5.8
2020-07-30,USA,United States,66843.0,46832.0,-13.0,-2.0,56.0,-31.0,-38.0,11.0,-5.6
2020-07-31,USA,United States,66843.0,46150.0,-14.0,-2.0,56.0,-28.0,-37.0,10.0,-5.0
2020-08-01,USA,United States,66843.0,50419.0,-17.0,0.0,69.0,-20.0,-14.0,4.0,3.6
2020-08-02,USA,United States,61607.14,50238.0,-16.0,-4.0,52.0,-24.0,-17.0,3.0,-1.8
2020-08-03,USA,United States,61607.14,45291.0,-12.0,-1.0,47.0,-31.0,-38.0,10.0,-7.0
2020-08-04,USA,United States,61607.14,45134.0,-13.0,-3.0,48.0,-33.0,-39.0,11.0,-8.0
2020-08-05,USA,United States,61607.14,44663.0,-11.0,-2.0,61.0,-30.0,-37.0,10.0,-3.8
2020-08-06,USA,United States,61607.14,43891.0,-13.0,-2.0,62.0,-30.0,-37.0,10.0,-4.0
2020-08-07,USA,United States,61607.14,43210.0,-15.0,-5.0,57.0,-29.0,-37.0,10.0,-5.8
2020-08-08,USA,United States,61607.14,41593.0,-17.0,-1.0,79.0,-20.0,-13.0,3.0,5.6
2020-08-09,USA,United States,53701.29,41484.0,-15.0,-4.0,66.0,-22.0,-16.0,2.0,1.8
2020-08-10,USA,United States,53701.29,42072.0,-14.0,-5.0,47.0,-32.0,-38.0,9.0,-8.4
2020-08-11,USA,United States,53701.29,41645.0,-13.0,-3.0,57.0,-31.0,-38.0,10.0,-5.6
2020-08-12,USA,United States,53701.29,41817.0,-13.0,-4.0,51.0,-32.0,-37.0,10.0,-7.0
2020-08-13,USA,United States,53701.29,41240.0,-14.0,-3.0,53.0,-31.0,-37.0,10.0,-6.4
2020-08-14,USA,United States,53701.29,39980.0,-16.0,-5.0,53.0,-29.0,-37.0,10.0,-6.8
2020-08-15,USA,United States,53701.29,38699.0,-18.0,-2.0,67.0,-21.0,-14.0,3.0,2.4
2020-08-16,USA,United States,51808.86,38850.0,-16.0,-5.0,48.0,-24.0,-17.0,3.0,-2.8
2020-08-17,USA,United States,51808.86,39032.0,-15.0,-6.0,42.0,-32.0,-38.0,9.0,-9.8
2020-08-18,USA,United States,51808.86,38897.0,-14.0,-4.0,50.0,-32.0,-36.0,10.0,-7.2
2020-08-19,USA,United States,51808.86,38002.0,-14.0,-5.0,44.0,-32.0,-36.0,10.0,-8.6
2020-08-20,USA,United States,51808.86,37321.0,-14.0,-4.0,53.0,-31.0,-36.0,10.0,-6.4
2020-08-21,USA,United States,51808.86,35972.0,-16.0,-6.0,48.0,-29.0,-36.0,9.0,-7.8
2020-08-22,USA,United States,51808.86,34888.0,-17.0,-2.0,66.0,-21.0,-12.0,3.0,2.8
2020-08-23,USA,United States,45112.57,34609.0,-16.0,-5.0,50.0,-23.0,-15.0,3.0,-1.8
2020-08-24,USA,United States,45112.57,34791.0,-16.0,-7.0,32.0,-33.0,-36.0,10.0,-12.0
2020-08-25,USA,United States,45112.57,34479.0,-15.0,-4.0,37.0,-33.0,-37.0,10.0,-10.4
2020-08-26,USA,United States,45112.57,33624.0,-14.0,-5.0,42.0,-32.0,-35.0,10.0,-8.8
2020-08-27,USA,United States,45112.57,33285.0,-16.0,-6.0,41.0,-32.0,-36.0,10.0,-9.8
2020-08-28,USA,United States,45112.57,31898.0,-17.0,-8.0,37.0,-30.0,-35.0,9.0,-10.6
2020-08-29,USA,United States,45112.57,31178.0,-17.0,-4.0,49.0,-23.0,-13.0,4.0,-1.6
2020-08-30,USA,United States,42135.14,31075.0,-15.0,-6.0,59.0,-22.0,-15.0,2.0,0.2
2020-08-31,USA,United States,42135.14,31395.0,-15.0,-7.0,30.0,-32.0,-35.0,9.0,-11.8
2020-09-01,USA,United States,42135.14,31118.0,-12.0,-2.0,36.0,-31.0,-36.0,9.0,-9.0
2020-09-02,USA,United States,42135.14,30827.0,-13.0,-5.0,35.0,-32.0,-35.0,9.0,-10.0
2020-09-03,USA,United States,42135.14,30296.0,-11.0,-1.0,45.0,-28.0,-35.0,8.0,-6.0
2020-09-04,USA,United States,42135.14,29879.0,-13.0,-2.0,55.0,-25.0,-36.0,8.0,-4.2
2020-09-05,USA,United States,42135.14,28845.0,-15.0,0.0,81.0,-18.0,-17.0,2.0,6.2
2020-09-06,USA,United States,42179.0,28369.0,-13.0,-3.0,81.0,-24.0,-18.0,1.0,4.6
2020-09-07,USA,United States,42179.0,28589.0,-16.0,-7.0,75.0,-40.0,-71.0,16.0,-11.8
2020-09-08,USA,United States,42179.0,28951.0,-16.0,-5.0,24.0,-31.0,-37.0,9.0,-13.0
2020-09-09,USA,United States,42179.0,28775.0,-16.0,-7.0,24.0,-32.0,-35.0,9.0,-13.2
2020-09-10,USA,United States,42179.0,28065.0,-16.0,-6.0,27.0,-32.0,-35.0,9.0,-12.4
2020-09-11,USA,United States,42179.0,27368.0,-17.0,-8.0,35.0,-30.0,-33.0,8.0,-10.6
2020-09-12,USA,United States,42179.0,26512.0,-16.0,-4.0,50.0,-22.0,-12.0,3.0,-0.8
2020-09-13,USA,United States,35088.71,26329.0,-16.0,-6.0,38.0,-25.0,-15.0,3.0,-4.8
2020-09-14,USA,United States,35088.71,26788.0,-16.0,-7.0,30.0,-33.0,-32.0,8.0,-11.6
2020-09-15,USA,United States,35088.71,26935.0,-14.0,-5.0,36.0,-32.0,-33.0,9.0,-9.6
2020-09-16,USA,United States,35088.71,26372.0,-15.0,-8.0,36.0,-32.0,-33.0,9.0,-10.4
2020-09-17,USA,United States,35088.71,26085.0,-16.0,-7.0,34.0,-32.0,-33.0,9.0,-10.8
2020-09-18,USA,United States,35088.71,25833.0,-15.0,-7.0,35.0,-30.0,-32.0,8.0,-9.8
2020-09-19,USA,United States,35088.71,25480.0,-13.0,-2.0,62.0,-21.0,-11.0,2.0,3.0
2020-09-20,USA,United States,40139.57,25543.0,-14.0,-6.0,46.0,-24.0,-14.0,2.0,-2.4
2020-09-21,USA,United States,40139.57,26379.0,-16.0,-8.0,25.0,-33.0,-33.0,9.0,-13.0
2020-09-22,USA,United States,40139.57,26440.0,-15.0,-6.0,28.0,-34.0,-33.0,9.0,-12.0
2020-09-23,USA,United States,40139.57,26484.0,-15.0,-7.0,27.0,-33.0,-32.0,9.0,-12.0
2020-09-24,USA,United States,40139.57,26407.0,-16.0,-7.0,25.0,-33.0,-32.0,9.0,-12.6
2020-09-25,USA,United States,40139.57,26275.0,-16.0,-8.0,25.0,-31.0,-31.0,8.0,-12.2
2020-09-26,USA,United States,40139.57,25904.0,-15.0,-3.0,52.0,-23.0,-10.0,2.0,0.2
2020-09-27,USA,United States,43539.14,25970.0,-15.0,-7.0,35.0,-25.0,-13.0,2.0,-5.0
2020-09-28,USA,United States,43539.14,27021.0,-17.0,-8.0,12.0,-35.0,-32.0,9.0,-16.0
2020-09-29,USA,United States,43539.14,27505.0,-16.0,-7.0,11.0,-35.0,-32.0,9.0,-15.8
2020-09-30,USA,United States,43539.14,27669.0,-14.0,-5.0,17.0,-33.0,-32.0,8.0,-13.4
2020-10-01,USA,United States,43539.14,27478.0,-13.0,-2.0,21.0,-31.0,-30.0,8.0,-11.0
2020-10-02,USA,United States,43539.14,27407.0,-14.0,-5.0,18.0,-29.0,-30.0,8.0,-12.0
2020-10-03,USA,United States,43539.14,27271.0,-13.0,-1.0,42.0,-20.0,-11.0,2.0,-0.6
2020-10-04,USA,United States,42621.14,27871.0,-14.0,-5.0,25.0,-24.0,-14.0,2.0,-6.4
2020-10-05,USA,United States,42621.14,28956.0,-15.0,-5.0,15.0,-32.0,-32.0,8.0,-13.8
2020-10-06,USA,United States,42621.14,29999.0,-15.0,-4.0,25.0,-32.0,-32.0,8.0,-11.6
2020-10-07,USA,United States,42621.14,30543.0,-15.0,-6.0,24.0,-33.0,-31.0,8.0,-12.2
2020-10-08,USA,United States,42621.14,31015.0,-15.0,-5.0,29.0,-31.0,-31.0,9.0,-10.6
2020-10-09,USA,United States,42621.14,31207.0,-16.0,-7.0,30.0,-29.0,-31.0,8.0,-10.6
2020-10-10,USA,United States,42621.14,30981.0,-16.0,-4.0,46.0,-22.0,-11.0,3.0,-1.4
2020-10-11,USA,United States,47749.86,31435.0,-16.0,-7.0,25.0,-25.0,-14.0,3.0,-7.4
2020-10-12,USA,United States,47749.86,32780.0,-17.0,-9.0,9.0,-36.0,-37.0,10.0,-18.0
2020-10-13,USA,United States,47749.86,33508.0,-17.0,-6.0,18.0,-33.0,-32.0,9.0,-14.0
2020-10-14,USA,United States,47749.86,33936.0,-14.0,-6.0,25.0,-31.0,-30.0,9.0,-11.2
2020-10-15,USA,United States,47749.86,34388.0,-15.0,-5.0,23.0,-30.0,-31.0,9.0,-11.6
2020-10-16,USA,United States,47749.86,34641.0,-17.0,-8.0,8.0,-30.0,-31.0,9.0,-15.6
2020-10-17,USA,United States,47749.86,34322.0,-14.0,-3.0,41.0,-20.0,-11.0,3.0,-1.4
2020-10-18,USA,United States,55376.29,35016.0,-16.0,-7.0,18.0,-23.0,-14.0,3.0,-8.4
2020-10-19,USA,United States,55376.29,36432.0,-18.0,-9.0,4.0,-33.0,-31.0,9.0,-17.4
2020-10-20,USA,United States,55376.29,37414.0,-17.0,-7.0,10.0,-32.0,-31.0,9.0,-15.4
2020-10-21,USA,United States,55376.29,38105.0,-16.0,-7.0,13.0,-32.0,-30.0,9.0,-14.4
2020-10-22,USA,United States,55376.29,38849.0,-16.0,-6.0,20.0,-31.0,-30.0,9.0,-12.6
2020-10-23,USA,United States,55376.29,39080.0,-17.0,-8.0,10.0,-30.0,-30.0,9.0,-15.0
2020-10-24,USA,United States,55376.29,39341.0,-16.0,-4.0,28.0,-23.0,-10.0,3.0,-5.0
2020-10-25,USA,United States,64205.43,39986.0,-18.0,-8.0,1.0,-27.0,-15.0,4.0,-13.4
2020-10-26,USA,United States,64205.43,41336.0,-19.0,-9.0,-9.0,-34.0,-31.0,10.0,-20.4
2020-10-27,USA,United States,64205.43,42272.0,-17.0,-7.0,1.0,-33.0,-31.0,10.0,-17.4
2020-10-28,USA,United States,64205.43,43487.0,-16.0,-7.0,-2.0,-34.0,-30.0,10.0,-17.8
2020-10-29,USA,United States,64205.43,44166.0,-17.0,-7.0,-6.0,-35.0,-31.0,10.0,-19.2
2020-10-30,USA,United States,64205.43,45075.0,-14.0,-4.0,1.0,-32.0,-30.0,8.0,-15.8
2020-10-31,USA,United States,64205.43,45049.0,-16.0,2.0,27.0,-23.0,-10.0,3.0,-4.0
2020-11-01,USA,United States,79913.43,46054.0,-18.0,-9.0,-5.0,-29.0,-15.0,4.0,-15.2
2020-11-02,USA,United States,79913.43,47938.0,-17.0,-7.0,-6.0,-35.0,-31.0,9.0,-19.2
2020-11-03,USA,United States,79913.43,49028.0,-11.0,-2.0,14.0,-34.0,-33.0,9.0,-13.2
2020-11-04,USA,United States,79913.43,50468.0,-18.0,-10.0,4.0,-36.0,-30.0,10.0,-18.0
2020-11-05,USA,United States,79913.43,51790.0,-18.0,-8.0,7.0,-34.0,-30.0,10.0,-16.6
2020-11-06,USA,United States,79913.43,52843.0,-18.0,-10.0,6.0,-33.0,-29.0,9.0,-16.8
2020-11-07,USA,United States,79913.43,53822.0,-16.0,-6.0,23.0,-27.0,-10.0,4.0,-7.2
2020-11-08,USA,United States,112870.57,55716.0,-17.0,-9.0,13.0,-29.0,-14.0,4.0,-11.2
2020-11-09,USA,United States,112870.57,58475.0,-19.0,-9.0,-3.0,-36.0,-31.0,10.0,-19.6
2020-11-10,USA,United States,112870.57,61421.0,-18.0,-7.0,-2.0,-35.0,-31.0,10.0,-18.6
2020-11-11,USA,United States,112870.57,63328.0,-15.0,-8.0,-10.0,-39.0,-38.0,12.0,-22.0
2020-11-12,USA,United States,112870.57,65219.0,-20.0,-9.0,-12.0,-37.0,-32.0,11.0,-22.0
2020-11-13,USA,United States,112870.57,66128.0,-19.0,-9.0,-11.0,-35.0,-30.0,11.0,-20.8
2020-11-14,USA,United States,112870.57,67220.0,-18.0,-6.0,2.0,-29.0,-10.0,5.0,-12.2
2020-11-15,USA,United States,143549.29,69518.0,-19.0,-9.0,-8.0,-32.0,-15.0,5.0,-16.6
2020-11-16,USA,United States,143549.29,73100.0,-20.0,-8.0,-10.0,-37.0,-31.0,10.0,-21.2
2020-11-17,USA,United States,143549.29,75499.0,-20.0,-7.0,-12.0,-37.0,-32.0,11.0,-21.6
2020-11-18,USA,United States,143549.29,77320.0,-19.0,-7.0,-13.0,-37.0,-32.0,11.0,-21.6
2020-11-19,USA,United States,143549.29,78344.0,-19.0,-6.0,-6.0,-36.0,-31.0,11.0,-19.6
2020-11-20,USA,United States,143549.29,79739.0,-20.0,-8.0,-5.0,-33.0,-30.0,11.0,-19.2
2020-11-21,USA,United States,143549.29,79864.0,-20.0,-4.0,4.0,-26.0,-10.0,5.0,-11.2
2020-11-22,USA,United States,167926.14,81798.0,-20.0,-7.0,-13.0,-32.0,-14.0,5.0,-17.2
2020-11-23,USA,United States,167926.14,84179.0,-16.0,-2.0,-12.0,-37.0,-35.0,11.0,-20.4
2020-11-24,USA,United States,167926.14,86042.0,-12.0,6.0,-9.0,-33.0,-36.0,11.0,-16.8
2020-11-25,USA,United States,167926.14,87127.0,-3.0,23.0,-7.0,-30.0,-40.0,10.0,-11.4
2020-11-26,USA,United States,167926.14,86555.0,-70.0,-30.0,-13.0,-60.0,-81.0,23.0,-50.8
2020-11-27,USA,United States,167926.14,88105.0,-26.0,-20.0,2.0,-47.0,-60.0,19.0,-30.2
2020-11-28,USA,United States,167926.14,89606.0,-26.0,-15.0,-1.0,-32.0,-18.0,7.0,-18.4
2020-11-29,USA,United States,166057.29,92453.0,-23.0,-15.0,-12.0,-28.0,-16.0,6.0,-18.8
2020-11-30,USA,United States,166057.29,95096.0,-21.0,-12.0,-27.0,-39.0,-34.0,12.0,-26.6
2020-12-01,USA,United States,166057.29,96674.0,-18.0,-5.0,-18.0,-36.0,-33.0,11.0,-22.0
2020-12-02,USA,United States,166057.29,97842.0,-19.0,-8.0,-16.0,-38.0,-32.0,11.0,-22.6
2020-12-03,USA,United States,166057.29,97853.0,-18.0,-5.0,-13.0,-37.0,-32.0,11.0,-21.0
2020-12-04,USA,United States,166057.29,98143.0,-20.0,-9.0,-17.0,-38.0,-30.0,12.0,-22.8
2020-12-05,USA,United States,166057.29,97247.0,-20.0,-6.0,-9.0,-33.0,-9.0,6.0,-15.4
2020-12-06,USA,United States,182990.29,98654.0,-20.0,-9.0,-14.0,-35.0,-14.0,5.0,-18.4
2020-12-07,USA,United States,182990.29,101028.0,-21.0,-9.0,-22.0,-40.0,-33.0,11.0,-25.0
2020-12-08,USA,United States,182990.29,102304.0,-20.0,-8.0,-18.0,-40.0,-32.0,11.0,-23.6
2020-12-09,USA,United States,182990.29,104371.0,-19.0,-8.0,-12.0,-39.0,-32.0,11.0,-22.0
2020-12-10,USA,United States,182990.29,105048.0,-19.0,-6.0,-9.0,-38.0,-32.0,11.0,-20.8
2020-12-11,USA,United States,182990.29,105653.0,-21.0,-9.0,-16.0,-38.0,-31.0,12.0,-23.0
2020-12-12,USA,United States,182990.29,105358.0,-20.0,-5.0,-11.0,-32.0,-10.0,6.0,-15.6
2020-12-13,USA,United States,209783.14,107402.0,-21.0,-8.0,-16.0,-35.0,-15.0,6.0,-19.0
2020-12-14,USA,United States,209783.14,109689.0,-20.0,-8.0,-28.0,-41.0,-33.0,11.0,-26.0
2020-12-15,USA,United States,209783.14,110996.0,-17.0,-2.0,-21.0,-38.0,-33.0,11.0,-22.2
2020-12-16,USA,United States,209783.14,111997.0,-20.0,-6.0,-27.0,-41.0,-34.0,13.0,-25.6
2020-12-17,USA,United States,209783.14,112445.0,-22.0,-9.0,-24.0,-43.0,-37.0,14.0,-27.0
2020-12-18,USA,United States,209783.14,112114.0,-19.0,-7.0,-22.0,-36.0,-32.0,12.0,-23.2
2020-12-19,USA,United States,209783.14,111037.0,-18.0,-2.0,-16.0,-25.0,-10.0,6.0,-14.2
2020-12-20,USA,United States,216846.86,112401.0,-17.0,-4.0,-19.0,-29.0,-13.0,5.0,-16.4
2020-12-21,USA,United States,216846.86,114649.0,-8.0,3.0,-9.0,-35.0,-37.0,10.0,-17.2
2020-12-22,USA,United States,216846.86,117528.0,-5.0,10.0,-6.0,-33.0,-38.0,10.0,-14.4
2020-12-23,USA,United States,216846.86,118106.0,2.0,24.0,-8.0,-30.0,-40.0,10.0,-10.4
2020-12-24,USA,United States,216846.86,116274.0,-16.0,27.0,-21.0,-43.0,-61.0,16.0,-22.8
2020-12-25,USA,United States,216846.86,113496.0,-82.0,-61.0,-38.0,-67.0,-83.0,27.0,-66.2
2020-12-26,USA,United States,216846.86,115521.0,-31.0,-18.0,-21.0,-37.0,-26.0,9.0,-26.6
2020-12-27,USA,United States,194303.14,118988.0,-27.0,-18.0,-12.0,-31.0,-18.0,7.0,-21.2
2020-12-28,USA,United States,194303.14,121425.0,-17.0,-9.0,-12.0,-40.0,-44.0,14.0,-24.4
2020-12-29,USA,United States,194303.14,122665.0,-17.0,-6.0,-8.0,-39.0,-45.0,14.0,-23.0
2020-12-30,USA,United States,194303.14,123922.0,-13.0,0.0,-11.0,-37.0,-44.0,14.0,-21.0
2020-12-31,USA,United States,194303.14,123347.0,-9.0,19.0,-12.0,-42.0,-52.0,15.0,-19.2
2021-01-01,USA,United States,194303.14,121053.0,-47.0,-37.0,-21.0,-62.0,-75.0,27.0,-48.4
2021-01-02,USA,United States,194303.14,122668.0,-26.0,-13.0,-14.0,-33.0,-21.0,9.0,-21.4
2021-01-03,USA,United States,197285.0,125595.0,-27.0,-16.0,-24.0,-33.0,-17.0,7.0,-23.4
2021-01-04,USA,United States,197285.0,127427.0,-19.0,-8.0,-23.0,-39.0,-34.0,12.0,-24.6
2021-01-05,USA,United States,197285.0,128859.0,-20.0,-6.0,-20.0,-39.0,-34.0,12.0,-23.8
2021-01-06,USA,United States,197285.0,129800.0,-22.0,-11.0,-22.0,-41.0,-33.0,13.0,-25.8
2021-01-07,USA,United States,197285.0,128814.0,-24.0,-10.0,-22.0,-41.0,-33.0,13.0,-26.0
2021-01-08,USA,United States,197285.0,127888.0,-26.0,-14.0,-29.0,-42.0,-32.0,13.0,-28.6
2021-01-09,USA,United States,197285.0,126420.0,-23.0,-9.0,-20.0,-35.0,-12.0,8.0,-19.8
2021-01-10,USA,United States,238164.43,126533.0,-26.0,-13.0,-22.0,-38.0,-17.0,7.0,-23.2
2021-01-11,USA,United States,238164.43,127641.0,-25.0,-12.0,-28.0,-42.0,-33.0,12.0,-28.0
2021-01-12,USA,United States,238164.43,127090.0,-23.0,-10.0,-22.0,-41.0,-33.0,12.0,-25.8
2021-01-13,USA,United States,238164.43,126556.0,-23.0,-12.0,-18.0,-41.0,-33.0,12.0,-25.4
2021-01-14,USA,United States,238164.43,133263.0,-25.0,-13.0,-17.0,-41.0,-33.0,12.0,-25.8
2021-01-15,USA,United States,238164.43,123785.0,-27.0,-16.0,-25.0,-41.0,-33.0,13.0,-28.4
2021-01-16,USA,United States,238164.43,121134.0,-25.0,-12.0,-14.0,-36.0,-14.0,7.0,-20.2
2021-01-17,USA,United States,227136.43,120830.0,-25.0,-15.0,-11.0,-38.0,-18.0,6.0,-21.4
2021-01-18,USA,United States,227136.43,120422.0,-22.0,-14.0,-8.0,-44.0,-46.0,14.0,-26.8
2021-01-19,USA,United States,227136.43,119384.0,-26.0,-12.0,-23.0,-42.0,-34.0,12.0,-27.4
2021-01-20,USA,United States,227136.43,117115.0,-26.0,-16.0,-22.0,-43.0,-33.0,12.0,-28.0
2021-01-21,USA,United States,227136.43,114097.0,-26.0,-13.0,-19.0,-42.0,-32.0,12.0,-26.4
2021-01-22,USA,United States,227136.43,111831.0,-26.0,-14.0,-25.0,-41.0,-31.0,12.0,-27.4
2021-01-23,USA,United States,227136.43,108122.0,-25.0,-12.0,-19.0,-38.0,-13.0,7.0,-21.4
2021-01-24,USA,United States,180837.29,107004.0,-28.0,-16.0,-28.0,-40.0,-17.0,7.0,-25.8
2021-01-25,USA,United States,180837.29,106268.0,-28.0,-16.0,-31.0,-44.0,-33.0,12.0,-30.4
2021-01-26,USA,United States,180837.29,104627.0,-28.0,-17.0,-27.0,-44.0,-35.0,13.0,-30.2
2021-01-27,USA,United States,180837.29,102636.0,-25.0,-15.0,-27.0,-42.0,-33.0,12.0,-28.4
2021-01-28,USA,United States,180837.29,100050.0,-26.0,-14.0,-27.0,-42.0,-32.0,12.0,-28.2
2021-01-29,USA,United States,180837.29,96109.0,-25.0,-15.0,-29.0,-42.0,-31.0,12.0,-28.4
2021-01-30,USA,United States,180837.29,92546.0,-22.0,-8.0,-15.0,-36.0,-12.0,6.0,-18.6
2021-01-31,USA,United States,152660.71,91436.0,-27.0,-16.0,-22.0,-39.0,-18.0,7.0,-24.4
2021-02-01,USA,United States,152660.71,90582.0,-29.0,-19.0,-33.0,-49.0,-37.0,14.0,-33.4
2021-02-02,USA,United States,152660.71,89004.0,-26.0,-15.0,-25.0,-45.0,-36.0,13.0,-29.4
2021-02-03,USA,United States,152660.71,87279.0,-20.0,-9.0,-20.0,-40.0,-31.0,11.0,-24.0
2021-02-04,USA,United States,152660.71,84602.0,-23.0,-11.0,-21.0,-40.0,-32.0,11.0,-25.4
2021-02-05,USA,United States,152660.71,82137.0,-24.0,-13.0,-24.0,-39.0,-30.0,11.0,-26.0
2021-02-06,USA,United States,152660.71,79111.0,-21.0,-6.0,-16.0,-34.0,-11.0,6.0,-17.6
2021-02-07,USA,United States,122464.29,77864.0,-31.0,-14.0,-30.0,-42.0,-17.0,6.0,-26.8
2021-02-08,USA,United States,122464.29,76870.0,-26.0,-15.0,-26.0,-41.0,-33.0,11.0,-28.2
2021-02-09,USA,United States,122464.29,75626.0,-25.0,-12.0,-24.0,-41.0,-33.0,12.0,-27.0
2021-02-10,USA,United States,122464.29,72845.0,-22.0,-10.0,-22.0,-40.0,-32.0,11.0,-25.2
2021-02-11,USA,United States,122464.29,70107.0,-26.0,-12.0,-31.0,-41.0,-34.0,13.0,-28.8
2021-02-12,USA,United States,122464.29,67536.0,-24.0,-10.0,-32.0,-39.0,-33.0,13.0,-27.6
2021-02-13,USA,United States,122464.29,64759.0,-23.0,-4.0,-31.0,-36.0,-15.0,8.0,-21.8
2021-02-14,USA,United States,95796.0,63297.0,-24.0,-10.0,-31.0,-39.0,-20.0,7.0,-24.8
2021-02-15,USA,United States,95796.0,62214.0,-34.0,-21.0,-32.0,-49.0,-52.0,18.0,-37.6
2021-02-16,USA,United States,95796.0,61504.0,-33.0,-17.0,-30.0,-45.0,-45.0,16.0,-34.0
2021-02-17,USA,United States,95796.0,62245.0,-27.0,-11.0,-27.0,-42.0,-39.0,13.0,-29.2
2021-02-18,USA,United States,95796.0,58308.0,-33.0,-19.0,-32.0,-46.0,-42.0,17.0,-34.4
2021-02-19,USA,United States,95796.0,56738.0,-26.0,-15.0,-32.0,-42.0,-35.0,14.0,-30.0
2021-02-20,USA,United States,95796.0,54401.0,-19.0,-8.0,-10.0,-31.0,-10.0,6.0,-15.6
2021-02-21,USA,United States,67640.71,53614.0,-19.0,-11.0,-12.0,-32.0,-13.0,5.0,-17.4
2021-02-22,USA,United States,67640.71,53026.0,-22.0,-13.0,-22.0,-39.0,-31.0,11.0,-25.4
2021-02-23,USA,United States,67640.71,51984.0,-18.0,-8.0,-8.0,-36.0,-31.0,10.0,-20.2
2021-02-24,USA,United States,67640.71,50956.0,-15.0,-8.0,-4.0,-35.0,-30.0,10.0,-18.4
2021-02-25,USA,United States,67640.71,49045.0,-17.0,-9.0,-10.0,-35.0,-30.0,10.0,-20.2
2021-02-26,USA,United States,67640.71,47227.0,-18.0,-11.0,-16.0,-34.0,-29.0,10.0,-21.6
2021-02-27,USA,United States,67640.71,45334.0,-15.0,-6.0,-1.0,-28.0,-10.0,5.0,-12.0
2021-02-28,USA,United States,66535.86,44872.0,-16.0,-10.0,-9.0,-29.0,-13.0,4.0,-15.4
2021-03-01,USA,United States,66535.86,43721.0,-17.0,-9.0,-18.0,-36.0,-30.0,9.0,-22.0
2021-03-02,USA,United States,66535.86,42650.0,-16.0,-7.0,-12.0,-36.0,-30.0,10.0,-20.2
2021-03-03,USA,United States,66535.86,42153.0,-12.0,-4.0,-1.0,-34.0,-30.0,9.0,-16.2
2021-03-04,USA,United States,66535.86,40175.0,-15.0,-6.0,-4.0,-34.0,-30.0,9.0,-17.8
2021-03-05,USA,United States,66535.86,39581.0,-16.0,-8.0,-10.0,-33.0,-29.0,9.0,-19.2
2021-03-06,USA,United States,66535.86,38206.0,-13.0,-4.0,7.0,-26.0,-11.0,4.0,-9.4
2021-03-07,USA,United States,60105.57,37769.0,-12.0,-6.0,9.0,-26.0,-13.0,3.0,-9.6
2021-03-08,USA,United States,60105.57,37687.0,-16.0,-7.0,-1.0,-35.0,-31.0,9.0,-18.0
2021-03-09,USA,United States,60105.57,37040.0,-14.0,-5.0,9.0,-34.0,-31.0,9.0,-15.0
2021-03-10,USA,United States,60105.57,36661.0,-13.0,-6.0,2.0,-34.0,-30.0,9.0,-16.2
2021-03-11,USA,United States,60105.57,35914.0,-14.0,-5.0,7.0,-32.0,-30.0,9.0,-14.8
2021-03-12,USA,United States,60105.57,35647.0,-14.0,-7.0,2.0,-30.0,-30.0,9.0,-15.8
2021-03-13,USA,United States,60105.57,34983.0,-10.0,-2.0,16.0,-21.0,-11.0,3.0,-5.6
2021-03-14,USA,United States,54857.14,34412.0,-11.0,-7.0,1.0,-24.0,-15.0,4.0,-11.2
2021-03-15,USA,United States,54857.14,34701.0,-14.0,-7.0,-11.0,-34.0,-33.0,10.0,-19.8
2021-03-16,USA,United States,54857.14,34577.0,-11.0,-3.0,-2.0,-32.0,-32.0,9.0,-16.0
2021-03-17,USA,United States,54857.14,34595.0,-4.0,-2.0,0.0,-30.0,-31.0,8.0,-13.4
2021-03-18,USA,United States,54857.14,34104.0,-10.0,-5.0,-9.0,-31.0,-32.0,10.0,-17.4
2021-03-19,USA,United States,54857.14,34035.0,-10.0,-6.0,0.0,-28.0,-31.0,8.0,-15.0
2021-03-20,USA,United States,54857.14,33214.0,-6.0,-2.0,25.0,-16.0,-10.0,2.0,-1.8
2021-03-21,USA,United States,54221.57,33283.0,-4.0,-3.0,28.0,-16.0,-12.0,2.0,-1.4
2021-03-22,USA,United States,54221.57,33742.0,-9.0,-5.0,11.0,-30.0,-30.0,8.0,-12.6
2021-03-23,USA,United States,54221.57,33996.0,-9.0,-4.0,9.0,-31.0,-30.0,8.0,-13.0
2021-03-24,USA,United States,54221.57,34367.0,-9.0,-5.0,1.0,-31.0,-30.0,9.0,-14.8
2021-03-25,USA,United States,54221.57,34362.0,-10.0,-4.0,4.0,-30.0,-30.0,9.0,-14.0
2021-03-26,USA,United States,54221.57,34634.0,-10.0,-6.0,9.0,-27.0,-30.0,8.0,-12.8
2021-03-27,USA,United States,54221.57,33946.0,-8.0,-2.0,35.0,-16.0,-10.0,2.0,-0.2
2021-03-28,USA,United States,59688.29,34464.0,-8.0,-5.0,3.0,-21.0,-14.0,3.0,-9.0
2021-03-29,USA,United States,59688.29,35027.0,-8.0,-3.0,14.0,-30.0,-31.0,8.0,-11.6
2021-03-30,USA,United States,59688.29,35418.0,-7.0,-1.0,23.0,-29.0,-31.0,8.0,-9.0
2021-03-31,USA,United States,59688.29,35567.0,-6.0,-2.0,4.0,-29.0,-31.0,8.0,-12.8
2021-04-01,USA,United States,59688.29,35571.0,-4.0,3.0,9.0,-27.0,-31.0,8.0,-10.0
2021-04-02,USA,United States,59688.29,35607.0,-6.0,3.0,11.0,-27.0,-40.0,10.0,-11.8
2021-04-03,USA,United States,59688.29,35195.0,-6.0,11.0,31.0,-18.0,-14.0,2.0,0.8
2021-04-04,USA,United States,64280.0,35675.0,-28.0,-11.0,33.0,-21.0,-23.0,1.0,-10.0
2021-04-05,USA,United States,64280.0,36624.0,-6.0,-1.0,26.0,-27.0,-34.0,8.0,-8.4
2021-04-06,USA,United States,64280.0,37551.0,-6.0,0.0,33.0,-27.0,-31.0,7.0,-6.2
2021-04-07,USA,United States,64280.0,37748.0,-4.0,0.0,27.0,-27.0,-31.0,7.0,-7.0
2021-04-08,USA,United States,64280.0,37953.0,-6.0,-1.0,26.0,-26.0,-30.0,8.0,-7.4
2021-04-09,USA,United States,64280.0,37856.0,-10.0,-5.0,16.0,-26.0,-30.0,7.0,-11.0
2021-04-10,USA,United States,64280.0,37546.0,-7.0,-2.0,32.0,-17.0,-12.0,2.0,-1.2
2021-04-11,USA,United States,65135.71,38089.0,-6.0,-4.0,18.0,-19.0,-14.0,2.0,-5.0
2021-04-12,USA,United States,65135.71,38927.0,-9.0,-3.0,9.0,-29.0,-29.0,7.0,-12.2
2021-04-13,USA,United States,65135.71,39201.0,-8.0,-1.0,20.0,-29.0,-29.0,7.0,-9.4
2021-04-14,USA,United States,65135.71,39469.0,-7.0,-3.0,13.0,-29.0,-30.0,8.0,-11.2
2021-04-15,USA,United States,65135.71,39188.0,-10.0,-3.0,9.0,-29.0,-29.0,8.0,-12.4
2021-04-16,USA,United States,65135.71,39406.0,-11.0,-6.0,8.0,-27.0,-29.0,8.0,-13.0
2021-04-17,USA,United States,65135.71,39012.0,-8.0,-2.0,35.0,-17.0,-12.0,2.0,-0.8
2021-04-18,USA,United States,66745.29,39460.0,-5.0,-2.0,38.0,-16.0,-13.0,2.0,0.4
2021-04-19,USA,United States,66745.29,40212.0,-10.0,-3.0,14.0,-28.0,-29.0,8.0,-11.2
2021-04-20,USA,United States,66745.29,40206.0,-8.0,-1.0,21.0,-28.0,-29.0,8.0,-9.0
2021-04-21,USA,United States,66745.29,40046.0,-9.0,-3.0,6.0,-29.0,-29.0,8.0,-12.8
2021-04-22,USA,United States,66745.29,39201.0,-9.0,-2.0,16.0,-28.0,-28.0,8.0,-10.2
2021-04-23,USA,United States,66745.29,38562.0,-11.0,-5.0,16.0,-25.0,-28.0,7.0,-10.6
2021-04-24,USA,United States,66745.29,37357.0,-9.0,-2.0,34.0,-18.0,-12.0,2.0,-1.4
2021-04-25,USA,United States,58013.57,37133.0,-6.0,-3.0,23.0,-18.0,-13.0,2.0,-3.4
2021-04-26,USA,United States,58013.57,37540.0,-9.0,-2.0,23.0,-28.0,-29.0,7.0,-9.0
2021-04-27,USA,United States,58013.57,37207.0,-8.0,0.0,33.0,-27.0,-29.0,7.0,-6.2
2021-04-28,USA,United States,58013.57,36881.0,-7.0,-1.0,26.0,-27.0,-29.0,7.0,-7.6
2021-04-29,USA,United States,58013.57,35989.0,-8.0,-1.0,19.0,-27.0,-29.0,8.0,-9.2
2021-04-30,USA,United States,58013.57,35364.0,-8.0,-1.0,21.0,-23.0,-28.0,6.0,-7.8
2021-05-01,USA,United States,58013.57,34005.0,-6.0,2.0,57.0,-13.0,-12.0,1.0,5.6
2021-05-02,USA,United States,48343.86,33764.0,-4.0,1.0,45.0,-13.0,-13.0,1.0,3.2
2021-05-03,USA,United States,48343.86,33964.0,-8.0,1.0,8.0,-27.0,-29.0,7.0,-11.0
2021-05-04,USA,United States,48343.86,33755.0,-7.0,3.0,18.0,-27.0,-29.0,7.0,-8.4
2021-05-05,USA,United States,48343.86,33339.0,-4.0,3.0,18.0,-27.0,-29.0,7.0,-7.8
2021-05-06,USA,United States,48343.86,32505.0,-6.0,3.0,31.0,-24.0,-28.0,6.0,-4.8
2021-05-07,USA,United States,48343.86,31832.0,-7.0,1.0,23.0,-23.0,-27.0,6.0,-6.6
2021-05-08,USA,United States,48343.86,30635.0,-3.0,11.0,43.0,-14.0,-12.0,0.0,5.0
2021-05-09,USA,United States,41760.57,30154.0,-2.0,7.0,20.0,-15.0,-14.0,0.0,-0.8
2021-05-10,USA,United States,41760.57,29987.0,-9.0,0.0,16.0,-27.0,-29.0,7.0,-9.8
2021-05-11,USA,United States,41760.57,29482.0,-8.0,4.0,25.0,-26.0,-29.0,7.0,-6.8
2021-05-12,USA,United States,41760.57,29113.0,-6.0,3.0,27.0,-24.0,-29.0,7.0,-5.8
2021-05-13,USA,United States,41760.57,28174.0,-5.0,3.0,43.0,-23.0,-29.0,6.0,-2.2
2021-05-14,USA,United States,41760.57,27422.0,-7.0,0.0,39.0,-20.0,-28.0,6.0,-3.2
2021-05-15,USA,United States,41760.57,26184.0,-6.0,3.0,65.0,-10.0,-13.0,0.0,7.8
2021-05-16,USA,United States,33335.71,25646.0,-4.0,0.0,40.0,-11.0,-12.0,1.0,2.6
2021-05-17,USA,United States,33335.71,25563.0,-7.0,1.0,27.0,-24.0,-29.0,7.0,-6.4
2021-05-18,USA,United States,33335.71,25023.0,-6.0,3.0,34.0,-24.0,-28.0,7.0,-4.2
2021-05-19,USA,United States,33335.71,24925.0,-4.0,2.0,37.0,-25.0,-28.0,7.0,-3.6
2021-05-20,USA,United States,33335.71,23954.0,-4.0,4.0,42.0,-24.0,-28.0,6.0,-2.0
2021-05-21,USA,United States,33335.71,23397.0,-7.0,0.0,38.0,-22.0,-27.0,5.0,-3.6
2021-05-22,USA,United States,33335.71,22643.0,-7.0,3.0,64.0,-14.0,-11.0,0.0,7.0
2021-05-23,USA,United States,25944.14,22445.0,-4.0,1.0,47.0,-13.0,-12.0,1.0,3.8
2021-05-24,USA,United States,25944.14,22431.0,-6.0,1.0,27.0,-26.0,-29.0,6.0,-6.6
2021-05-25,USA,United States,25944.14,22087.0,-4.0,4.0,38.0,-25.0,-28.0,6.0,-3.0
2021-05-26,USA,United States,25944.14,21598.0,-2.0,3.0,37.0,-24.0,-29.0,6.0,-3.0
2021-05-27,USA,United States,25944.14,21056.0,-2.0,6.0,41.0,-21.0,-29.0,6.0,-1.0
2021-05-28,USA,United States,25944.14,20398.0,-5.0,3.0,29.0,-19.0,-31.0,6.0,-4.6
2021-05-29,USA,United States,25944.14,19474.0,-7.0,5.0,51.0,-13.0,-15.0,1.0,4.2
2021-05-30,USA,United States,21115.86,19062.0,-3.0,3.0,58.0,-16.0,-15.0,0.0,5.4
2021-05-31,USA,United States,21115.86,18678.0,-8.0,0.0,82.0,-33.0,-72.0,15.0,-6.2
2021-06-01,USA,United States,21115.86,18657.0,-3.0,8.0,44.0,-21.0,-31.0,6.0,-0.6
2021-06-02,USA,United States,21115.86,18083.0,-2.0,5.0,40.0,-23.0,-30.0,7.0,-2.0
2021-06-03,USA,United States,21115.86,17634.0,-3.0,6.0,37.0,-23.0,-29.0,7.0,-2.4
2021-06-04,USA,United States,21115.86,16970.0,-5.0,2.0,44.0,-20.0,-28.0,6.0,-1.4
2021-06-05,USA,United States,21115.86,16298.0,-6.0,5.0,74.0,-9.0,-8.0,0.0,11.2
2021-06-06,USA,United States,14158.86,15987.0,-2.0,3.0,60.0,-9.0,-10.0,0.0,8.4
2021-06-07,USA,United States,14158.86,15742.0,-4.0,3.0,34.0,-24.0,-31.0,7.0,-4.4
2021-06-08,USA,United States,14158.86,15630.0,-3.0,5.0,38.0,-24.0,-30.0,7.0,-2.8
2021-06-09,USA,United States,14158.86,15262.0,-1.0,5.0,43.0,-22.0,-30.0,6.0,-1.0
2021-06-10,USA,United States,14158.86,14838.0,-2.0,6.0,51.0,-21.0,-30.0,6.0,0.8
2021-06-11,USA,United States,14158.86,14421.0,-6.0,1.0,41.0,-20.0,-31.0,6.0,-3.0
2021-06-12,USA,United States,14158.86,13940.0,-6.0,4.0,71.0,-9.0,-10.0,0.0,10.0
2021-06-13,USA,United States,14223.57,13957.0,-3.0,3.0,60.0,-7.0,-10.0,0.0,8.6
2021-06-14,USA,United States,14223.57,13929.0,-3.0,4.0,39.0,-22.0,-32.0,6.0,-2.8
2021-06-15,USA,United States,14223.57,13722.0,-2.0,6.0,50.0,-21.0,-31.0,6.0,0.4
2021-06-16,USA,United States,14223.57,13494.0,0.0,6.0,55.0,-20.0,-31.0,6.0,2.0
2021-06-17,USA,United States,14223.57,13094.0,-1.0,6.0,61.0,-19.0,-32.0,6.0,3.0
2021-06-18,USA,United States,14223.57,12855.0,-5.0,3.0,53.0,-18.0,-33.0,6.0,0.0
2021-06-19,USA,United States,14223.57,12482.0,-6.0,7.0,69.0,-8.0,-11.0,0.0,10.2
2021-06-20,USA,United States,11518.14,12502.0,-2.0,4.0,52.0,-8.0,-13.0,-1.0,6.6
2021-06-21,USA,United States,11518.14,12592.0,-5.0,0.0,39.0,-22.0,-34.0,7.0,-4.4
2021-06-22,USA,United States,11518.14,12538.0,-4.0,2.0,41.0,-22.0,-32.0,7.0,-3.0
2021-06-23,USA,United States,11518.14,12608.0,-2.0,3.0,56.0,-20.0,-32.0,6.0,1.0
2021-06-24,USA,United States,11518.14,12396.0,-3.0,3.0,56.0,-20.0,-32.0,6.0,0.8
2021-06-25,USA,United States,11518.14,12408.0,-6.0,-1.0,46.0,-18.0,-32.0,6.0,-2.2
2021-06-26,USA,United States,11518.14,12238.0,-7.0,1.0,61.0,-8.0,-9.0,0.0,7.6
2021-06-27,USA,United States,12519.57,12233.0,-3.0,1.0,57.0,-6.0,-10.0,0.0,7.8
2021-06-28,USA,United States,12519.57,12510.0,-4.0,1.0,38.0,-23.0,-34.0,4.0,-4.4
2021-06-29,USA,United States,12519.57,12662.0,-6.0,-1.0,35.0,-25.0,-34.0,6.0,-6.2
2021-06-30,USA,United States,12519.57,12877.0,-1.0,4.0,40.0,-21.0,-32.0,6.0,-2.0
2021-07-01,USA,United States,12519.57,12863.0,0.0,8.0,44.0,-18.0,-33.0,6.0,0.2
2021-07-02,USA,United States,12519.57,13234.0,-3.0,8.0,50.0,-15.0,-35.0,6.0,1.0
2021-07-03,USA,United States,12519.57,12916.0,-7.0,11.0,76.0,-8.0,-16.0,0.0,11.2
2021-07-04,USA,United States,13862.43,13121.0,-13.0,5.0,112.0,-11.0,-21.0,-2.0,14.4
2021-07-05,USA,United States,13862.43,13433.0,-3.0,1.0,76.0,-28.0,-68.0,14.0,-4.4
2021-07-06,USA,United States,13862.43,13974.0,-4.0,6.0,43.0,-21.0,-35.0,7.0,-2.2
2021-07-07,USA,United States,13862.43,14664.0,-3.0,4.0,43.0,-21.0,-34.0,7.0,-2.2
2021-07-08,USA,United States,13862.43,15074.0,-4.0,4.0,41.0,-21.0,-34.0,7.0,-2.8
2021-07-09,USA,United States,13862.43,15409.0,-7.0,0.0,43.0,-19.0,-33.0,7.0,-3.2
2021-07-10,USA,United States,13862.43,15710.0,-7.0,3.0,64.0,-7.0,-9.0,0.0,8.8
2021-07-11,USA,United States,40930.0,16396.0,-4.0,1.0,43.0,-8.0,-10.0,1.0,4.4
2021-07-12,USA,United States,40930.0,17330.0,-5.0,2.0,34.0,-22.0,-33.0,7.0,-4.8
2021-07-13,USA,United States,40930.0,18204.0,-3.0,4.0,44.0,-21.0,-33.0,7.0,-1.8
2021-07-14,USA,United States,40930.0,19085.0,-1.0,4.0,47.0,-20.0,-32.0,6.0,-0.4
2021-07-15,USA,United States,40930.0,19915.0,0.0,7.0,57.0,-18.0,-32.0,6.0,2.8
2021-07-16,USA,United States,40930.0,20874.0,-5.0,1.0,47.0,-17.0,-32.0,6.0,-1.2
2021-07-17,USA,United States,40930.0,21595.0,-6.0,3.0,66.0,-7.0,-10.0,0.0,9.2
2021-07-18,USA,United States,31797.0,22564.0,-1.0,3.0,59.0,-5.0,-11.0,0.0,9.0
2021-07-19,USA,United States,31797.0,24261.0,-3.0,4.0,42.0,-20.0,-33.0,6.0,-2.0
2021-07-20,USA,United States,31797.0,25700.0,-2.0,5.0,50.0,-20.0,-33.0,6.0,0.0
2021-07-21,USA,United States,31797.0,27055.0,-1.0,5.0,50.0,-20.0,-32.0,6.0,0.4
2021-07-22,USA,United States,31797.0,28605.0,-1.0,6.0,60.0,-18.0,-32.0,6.0,3.0
2021-07-23,USA,United States,31797.0,30295.0,-6.0,1.0,53.0,-17.0,-32.0,6.0,-0.2
2021-07-24,USA,United States,31797.0,31469.0,-7.0,3.0,71.0,-6.0,-10.0,0.0,10.2
2021-07-25,USA,United States,51289.57,33406.0,-3.0,2.0,53.0,-6.0,-10.0,0.0,7.2
2021-07-26,USA,United States,51289.57,35748.0,-4.0,4.0,42.0,-21.0,-33.0,6.0,-2.4
2021-07-27,USA,United States,51289.57,38296.0,-3.0,5.0,46.0,-21.0,-32.0,7.0,-1.0
2021-07-28,USA,United States,51289.57,40473.0,-2.0,4.0,47.0,-20.0,-32.0,6.0,-0.6
2021-07-29,USA,United States,51289.57,42200.0,-3.0,4.0,42.0,-20.0,-32.0,7.0,-1.8
2021-07-30,USA,United States,51289.57,44541.0,-4.0,3.0,49.0,-17.0,-32.0,6.0,-0.2
2021-07-31,USA,United States,51289.57,46428.0,-5.0,5.0,65.0,-6.0,-10.0,0.0,9.8
2021-08-01,USA,United States,78155.14,48538.0,-2.0,3.0,45.0,-6.0,-10.0,0.0,6.0
2021-08-02,USA,United States,78155.14,51780.0,-2.0,5.0,43.0,-20.0,-33.0,6.0,-1.4
2021-08-03,USA,United States,78155.14,54470.0,-1.0,8.0,47.0,-20.0,-32.0,6.0,0.4
2021-08-04,USA,United States,78155.14,56945.0,-1.0,6.0,45.0,-20.0,-32.0,6.0,-0.4
2021-08-05,USA,United States,78155.14,59587.0,-2.0,7.0,50.0,-20.0,-32.0,6.0,0.6
2021-08-06,USA,United States,78155.14,62122.0,-6.0,2.0,48.0,-18.0,-32.0,6.0,-1.2
2021-08-07,USA,United States,78155.14,63544.0,-7.0,4.0,58.0,-8.0,-10.0,1.0,7.4
2021-08-08,USA,United States,106150.86,66369.0,-3.0,3.0,45.0,-7.0,-10.0,0.0,5.6
2021-08-09,USA,United States,106150.86,69838.0,-4.0,5.0,32.0,-22.0,-33.0,7.0,-4.4
2021-08-10,USA,United States,106150.86,72521.0,-3.0,6.0,36.0,-22.0,-32.0,7.0,-3.0
2021-08-11,USA,United States,106150.86,74823.0,-3.0,5.0,35.0,-22.0,-32.0,6.0,-3.4
2021-08-12,USA,United States,106150.86,76968.0,-4.0,6.0,42.0,-21.0,-32.0,6.0,-1.8
2021-08-13,USA,United States,106150.86,78580.0,-6.0,2.0,40.0,-19.0,-32.0,6.0,-3.0
2021-08-14,USA,United States,106150.86,79622.0,-6.0,4.0,58.0,-9.0,-11.0,1.0,7.2
2021-08-15,USA,United States,126637.71,81624.0,-2.0,4.0,49.0,-7.0,-11.0,0.0,6.6
2021-08-16,USA,United States,126637.71,84313.0,-4.0,4.0,29.0,-22.0,-33.0,6.0,-5.2
2021-08-17,USA,United States,126637.71,86744.0,-3.0,6.0,31.0,-23.0,-33.0,6.0,-4.4
2021-08-18,USA,United States,126637.71,88626.0,-3.0,4.0,30.0,-22.0,-30.0,6.0,-4.2
2021-08-19,USA,United States,126637.71,89428.0,-4.0,5.0,35.0,-22.0,-31.0,6.0,-3.4
2021-08-20,USA,United States,126637.71,90191.0,-7.0,1.0,35.0,-20.0,-30.0,5.0,-4.2
2021-08-21,USA,United States,126637.71,90417.0,-7.0,4.0,53.0,-12.0,-10.0,1.0,5.6
2021-08-22,USA,United States,145709.43,92239.0,-7.0,0.0,28.0,-17.0,-12.0,2.0,-1.6
2021-08-23,USA,United States,145709.43,94682.0,-6.0,3.0,23.0,-25.0,-32.0,6.0,-7.4
2021-08-24,USA,United States,145709.43,95992.0,-6.0,4.0,30.0,-24.0,-31.0,6.0,-5.4
2021-08-25,USA,United States,145709.43,95976.0,-5.0,4.0,32.0,-23.0,-30.0,6.0,-4.4
2021-08-26,USA,United States,145709.43,96370.0,-5.0,4.0,33.0,-22.0,-30.0,6.0,-4.0
2021-08-27,USA,United States,145709.43,96192.0,-8.0,0.0,27.0,-22.0,-29.0,6.0,-6.4
2021-08-28,USA,United States,145709.43,95071.0,-8.0,2.0,47.0,-14.0,-10.0,2.0,3.4
2021-08-29,USA,United States,156412.86,96125.0,-6.0,0.0,33.0,-13.0,-12.0,2.0,0.4
2021-08-30,USA,United States,156412.86,97200.0,-8.0,1.0,20.0,-25.0,-31.0,6.0,-8.6
2021-08-31,USA,United States,156412.86,97821.0,-6.0,4.0,25.0,-23.0,-30.0,6.0,-6.0
2021-09-01,USA,United States,156412.86,97992.0,-5.0,3.0,18.0,-24.0,-30.0,6.0,-7.6
2021-09-02,USA,United States,156412.86,97811.0,-3.0,5.0,35.0,-21.0,-30.0,6.0,-2.8
2021-09-03,USA,United States,156412.86,96835.0,-4.0,5.0,37.0,-16.0,-30.0,5.0,-1.6
2021-09-04,USA,United States,156412.86,95082.0,-7.0,5.0,61.0,-11.0,-15.0,1.0,6.6
2021-09-05,USA,United States,163464.43,95280.0,-2.0,3.0,62.0,-15.0,-15.0,0.0,6.6
2021-09-06,USA,United States,163464.43,95910.0,-7.0,0.0,68.0,-33.0,-72.0,16.0,-8.8
2021-09-07,USA,United States,163464.43,96810.0,-7.0,5.0,28.0,-22.0,-30.0,6.0,-5.2
2021-09-08,USA,United States,163464.43,96485.0,-6.0,4.0,27.0,-23.0,-28.0,6.0,-5.2
2021-09-09,USA,United States,163464.43,95684.0,-7.0,3.0,27.0,-23.0,-27.0,6.0,-5.4
2021-09-10,USA,United States,163464.43,94559.0,-8.0,0.0,34.0,-20.0,-25.0,4.0,-3.8
2021-09-11,USA,United States,163464.43,91979.0,-7.0,2.0,65.0,-13.0,-9.0,1.0,7.6
2021-09-12,USA,United States,146081.43,91541.0,-6.0,1.0,39.0,-12.0,-11.0,2.0,2.2
2021-09-13,USA,United States,146081.43,92158.0,-8.0,2.0,23.0,-23.0,-28.0,6.0,-6.8
2021-09-14,USA,United States,146081.43,90633.0,-7.0,3.0,30.0,-23.0,-28.0,6.0,-5.0
2021-09-15,USA,United States,146081.43,89538.0,-3.0,4.0,27.0,-22.0,-27.0,5.0,-4.2
2021-09-16,USA,United States,146081.43,88250.0,-5.0,3.0,32.0,-22.0,-28.0,6.0,-4.0
2021-09-17,USA,United States,146081.43,86780.0,-7.0,-1.0,29.0,-19.0,-27.0,4.0,-5.0
2021-09-18,USA,United States,146081.43,84475.0,-5.0,1.0,59.0,-13.0,-11.0,1.0,6.2
2021-09-19,USA,United States,148207.71,83494.0,-5.0,0.0,39.0,-11.0,-13.0,1.0,2.0
2021-09-20,USA,United States,148207.71,83675.0,-8.0,1.0,19.0,-22.0,-27.0,5.0,-7.4
2021-09-21,USA,United States,148207.71,82358.0,-7.0,2.0,24.0,-24.0,-26.0,6.0,-6.2
2021-09-22,USA,United States,148207.71,80843.0,-7.0,1.0,19.0,-24.0,-24.0,6.0,-7.0
2021-09-23,USA,United States,148207.71,79242.0,-7.0,2.0,29.0,-22.0,-24.0,5.0,-4.4
2021-09-24,USA,United States,148207.71,77387.0,-7.0,-1.0,33.0,-19.0,-24.0,4.0,-3.6
2021-09-25,USA,United States,148207.71,74807.0,-6.0,1.0,64.0,-12.0,-9.0,0.0,7.6
2021-09-26,USA,United States,121756.29,74161.0,-5.0,0.0,40.0,-11.0,-11.0,1.0,2.6
2021-09-27,USA,United States,121756.29,73886.0,-8.0,1.0,24.0,-22.0,-25.0,5.0,-6.0
2021-09-28,USA,United States,121756.29,72525.0,-8.0,1.0,23.0,-24.0,-24.0,5.0,-6.4
2021-09-29,USA,United States,121756.29,70704.0,-6.0,2.0,27.0,-23.0,-23.0,5.0,-4.6
2021-09-30,USA,United States,121756.29,68918.0,-5.0,3.0,29.0,-20.0,-23.0,5.0,-3.2
2021-10-01,USA,United States,121756.29,67124.0,-4.0,3.0,30.0,-17.0,-23.0,4.0,-2.2
2021-10-02,USA,United States,121756.29,64834.0,-4.0,4.0,55.0,-12.0,-10.0,1.0,6.6
2021-10-03,USA,United States,107955.43,64381.0,-4.0,2.0,27.0,-12.0,-12.0,1.0,0.2
2021-10-04,USA,United States,107955.43,64487.0,-7.0,4.0,14.0,-23.0,-25.0,5.0,-7.4
2021-10-05,USA,United States,107955.43,63508.0,-6.0,4.0,21.0,-23.0,-24.0,5.0,-5.6
2021-10-06,USA,United States,107955.43,62376.0,-6.0,2.0,23.0,-22.0,-23.0,5.0,-5.2
2021-10-07,USA,United States,107955.43,61095.0,-6.0,3.0,28.0,-19.0,-23.0,5.0,-3.4
2021-10-08,USA,United States,107955.43,59461.0,-6.0,-1.0,27.0,-18.0,-24.0,5.0,-4.4
2021-10-09,USA,United States,107955.43,57940.0,-5.0,2.0,55.0,-11.0,-10.0,1.0,6.2
2021-10-10,USA,United States,97426.29,57496.0,-5.0,0.0,31.0,-12.0,-12.0,1.0,0.4
2021-10-11,USA,United States,97426.29,57618.0,-6.0,1.0,21.0,-24.0,-32.0,7.0,-8.0
2021-10-12,USA,United States,97426.29,56985.0,-7.0,2.0,21.0,-21.0,-24.0,5.0,-5.8
2021-10-13,USA,United States,97426.29,55885.0,-6.0,1.0,20.0,-21.0,-23.0,5.0,-5.8
2021-10-14,USA,United States,97426.29,54564.0,-5.0,3.0,27.0,-19.0,-23.0,5.0,-3.4
2021-10-15,USA,United States,97426.29,53358.0,-5.0,0.0,24.0,-18.0,-24.0,4.0,-4.6
2021-10-16,USA,United States,97426.29,51837.0,-4.0,2.0,48.0,-12.0,-10.0,0.0,4.8
2021-10-17,USA,United States,83176.71,51504.0,-3.0,0.0,30.0,-10.0,-12.0,1.0,1.0
2021-10-18,USA,United States,83176.71,51723.0,-7.0,1.0,16.0,-21.0,-24.0,5.0,-7.0
2021-10-19,USA,United States,83176.71,50595.0,-6.0,2.0,23.0,-22.0,-23.0,5.0,-5.2
2021-10-20,USA,United States,83176.71,49311.0,-5.0,1.0,22.0,-21.0,-23.0,5.0,-5.2
2021-10-21,USA,United States,83176.71,48405.0,-5.0,2.0,22.0,-20.0,-23.0,5.0,-4.8
2021-10-22,USA,United States,83176.71,47454.0,-6.0,-1.0,19.0,-18.0,-23.0,4.0,-5.8
2021-10-23,USA,United States,83176.71,46398.0,-5.0,1.0,38.0,-13.0,-10.0,1.0,2.2
2021-10-24,USA,United States,72649.0,46114.0,-6.0,-2.0,8.0,-14.0,-13.0,2.0,-5.4
2021-10-25,USA,United States,72649.0,46380.0,-9.0,0.0,-1.0,-23.0,-24.0,6.0,-11.4
2021-10-26,USA,United States,72649.0,45821.0,-7.0,2.0,4.0,-25.0,-23.0,6.0,-9.8
2021-10-27,USA,United States,72649.0,45003.0,-5.0,2.0,9.0,-22.0,-22.0,5.0,-7.6
2021-10-28,USA,United States,72649.0,44195.0,-5.0,3.0,8.0,-21.0,-22.0,5.0,-7.4
2021-10-29,USA,United States,72649.0,43513.0,-7.0,0.0,4.0,-21.0,-22.0,5.0,-9.2
2021-10-30,USA,United States,72649.0,42766.0,-5.0,5.0,25.0,-16.0,-10.0,1.0,-0.2
2021-10-31,USA,United States,75169.43,42513.0,-5.0,4.0,29.0,-12.0,-13.0,1.0,0.6
2021-11-01,USA,United States,75169.43,42623.0,-7.0,2.0,2.0,-21.0,-24.0,6.0,-9.6
2021-11-02,USA,United States,75169.43,42291.0,-6.0,2.0,5.0,-24.0,-24.0,6.0,-9.4
2021-11-03,USA,United States,75169.43,41982.0,-6.0,3.0,3.0,-23.0,-22.0,5.0,-9.0
2021-11-04,USA,United States,75169.43,41357.0,-6.0,2.0,4.0,-22.0,-22.0,6.0,-8.8
2021-11-05,USA,United States,75169.43,40945.0,-7.0,-2.0,2.0,-21.0,-22.0,5.0,-10.0
2021-11-06,USA,United States,75169.43,40176.0,-6.0,0.0,20.0,-16.0,-10.0,2.0,-2.4
2021-11-07,USA,United States,72887.29,40472.0,-4.0,0.0,13.0,-15.0,-11.0,2.0,-3.4
2021-11-08,USA,United States,72887.29,41349.0,-8.0,1.0,6.0,-22.0,-22.0,5.0,-9.0
2021-11-09,USA,United States,72887.29,41731.0,-7.0,2.0,7.0,-22.0,-22.0,5.0,-8.4
2021-11-10,USA,United States,72887.29,41806.0,-5.0,2.0,8.0,-21.0,-21.0,5.0,-7.4
2021-11-11,USA,United States,72887.29,41718.0,-2.0,2.0,8.0,-25.0,-33.0,8.0,-10.0
2021-11-12,USA,United States,72887.29,41633.0,-8.0,-3.0,-2.0,-22.0,-24.0,6.0,-11.8
2021-11-13,USA,United States,72887.29,41372.0,-5.0,0.0,11.0,-16.0,-10.0,2.0,-4.0
2021-11-14,USA,United States,79597.14,41872.0,-5.0,-2.0,-2.0,-15.0,-12.0,2.0,-7.2
2021-11-15,USA,United States,79597.14,43286.0,-7.0,1.0,-6.0,-22.0,-23.0,6.0,-11.4
2021-11-16,USA,United States,79597.14,44010.0,-6.0,3.0,1.0,-22.0,-22.0,5.0,-9.2
2021-11-17,USA,United States,79597.14,44366.0,-5.0,2.0,2.0,-21.0,-21.0,5.0,-8.6
2021-11-18,USA,United States,79597.14,45095.0,-5.0,2.0,-1.0,-20.0,-22.0,5.0,-9.2
2021-11-19,USA,United States,79597.14,45157.0,-7.0,-1.0,-6.0,-19.0,-21.0,5.0,-10.8
2021-11-20,USA,United States,79597.14,44825.0,-5.0,2.0,6.0,-10.0,-8.0,2.0,-3.0
2021-11-21,USA,United States,96696.57,45373.0,-5.0,0.0,-2.0,-12.0,-9.0,2.0,-5.6
2021-11-22,USA,United States,96696.57,46834.0,-2.0,8.0,-5.0,-21.0,-28.0,6.0,-9.6
2021-11-23,USA,United States,96696.57,47703.0,3.0,17.0,1.0,-17.0,-29.0,6.0,-5.0
2021-11-24,USA,United States,96696.57,47901.0,13.0,36.0,4.0,-12.0,-37.0,6.0,0.8
2021-11-25,USA,United States,96696.57,47297.0,-64.0,-26.0,-4.0,-46.0,-84.0,19.0,-44.8
2021-11-26,USA,United States,96696.57,48189.0,-12.0,-11.0,1.0,-38.0,-62.0,15.0,-24.4
2021-11-27,USA,United States,96696.57,49069.0,-14.0,-9.0,-2.0,-15.0,-19.0,4.0,-11.8
2021-11-28,USA,United States,84627.71,50165.0,-10.0,-7.0,-11.0,-7.0,-12.0,3.0,-9.4
2021-11-29,USA,United States,84627.71,51813.0,-8.0,0.0,-10.0,-21.0,-23.0,6.0,-12.4
2021-11-30,USA,United States,84627.71,52644.0,-7.0,2.0,-7.0,-21.0,-22.0,6.0,-11.0
2021-12-01,USA,United States,84627.71,53311.0,-4.0,4.0,-3.0,-21.0,-22.0,5.0,-9.2
2021-12-02,USA,United States,84627.71,53587.0,-6.0,3.0,2.0,-22.0,-22.0,6.0,-9.0
2021-12-03,USA,United States,84627.71,54392.0,-6.0,0.0,0.0,-22.0,-21.0,5.0,-9.8
2021-12-04,USA,United States,84627.71,54572.0,-5.0,1.0,9.0,-16.0,-6.0,2.0,-3.4
2021-12-05,USA,United States,107288.14,55670.0,-6.0,-1.0,-7.0,-17.0,-9.0,3.0,-8.0
2021-12-06,USA,United States,107288.14,57447.0,-9.0,1.0,-17.0,-25.0,-23.0,6.0,-14.6
2021-12-07,USA,United States,107288.14,58938.0,-7.0,2.0,-12.0,-25.0,-21.0,6.0,-12.6
2021-12-08,USA,United States,107288.14,59721.0,-6.0,1.0,-10.0,-24.0,-20.0,6.0,-11.8
2021-12-09,USA,United States,107288.14,60371.0,-6.0,2.0,-10.0,-24.0,-20.0,6.0,-11.6
2021-12-10,USA,United States,107288.14,61162.0,-9.0,-2.0,-9.0,-23.0,-20.0,6.0,-12.6
2021-12-11,USA,United States,107288.14,60921.0,-7.0,0.0,-6.0,-18.0,-5.0,2.0,-7.2
2021-12-12,USA,United States,119281.29,61722.0,-4.0,0.0,-9.0,-17.0,-7.0,2.0,-7.4
2021-12-13,USA,United States,119281.29,63084.0,-6.0,3.0,-13.0,-24.0,-21.0,6.0,-12.2
2021-12-14,USA,United States,119281.29,63244.0,-4.0,5.0,-10.0,-24.0,-21.0,6.0,-10.8
2021-12-15,USA,United States,119281.29,63226.0,-1.0,7.0,-8.0,-22.0,-21.0,5.0,-9.0
2021-12-16,USA,United States,119281.29,63105.0,0.0,7.0,-4.0,-21.0,-21.0,5.0,-7.8
2021-12-17,USA,United States,119281.29,63090.0,-4.0,2.0,-6.0,-20.0,-21.0,5.0,-9.8
2021-12-18,USA,United States,119281.29,62004.0,-5.0,3.0,-12.0,-13.0,-7.0,2.0,-6.8
2021-12-19,USA,United States,128444.14,62545.0,-1.0,2.0,-15.0,-14.0,-7.0,2.0,-7.0
2021-12-20,USA,United States,128444.14,63764.0,3.0,10.0,-10.0,-23.0,-30.0,7.0,-10.0
2021-12-21,USA,United States,128444.14,64086.0,5.0,14.0,-9.0,-22.0,-31.0,7.0,-8.6
2021-12-22,USA,United States,128444.14,65043.0,9.0,20.0,-5.0,-21.0,-33.0,7.0,-6.0
2021-12-23,USA,United States,128444.14,65661.0,14.0,35.0,-3.0,-22.0,-43.0,9.0,-3.8
2021-12-24,USA,United States,128444.14,65821.0,-20.0,20.0,-13.0,-39.0,-68.0,16.0,-24.0
2021-12-25,USA,United States,128444.14,66446.0,-77.0,-58.0,-29.0,-43.0,-66.0,10.0,-54.6
2021-12-26,USA,United States,202488.43,69732.0,-13.0,-10.0,-8.0,-19.0,-20.0,4.0,-14.0
2021-12-27,USA,United States,202488.43,74692.0,-6.0,-1.0,-6.0,-29.0,-48.0,13.0,-18.0
2021-12-28,USA,United States,202488.43,79671.0,-7.0,1.0,-3.0,-28.0,-44.0,12.0,-16.2
2021-12-29,USA,United States,202488.43,85506.0,-5.0,2.0,-8.0,-28.0,-44.0,12.0,-16.6
2021-12-30,USA,United States,202488.43,89961.0,-2.0,11.0,-3.0,-28.0,-46.0,13.0,-13.6
2021-12-31,USA,United States,202488.43,93776.0,-15.0,11.0,-5.0,-40.0,-62.0,17.0,-22.2
2022-01-01,USA,United States,202488.43,96539.0,-43.0,-33.0,-26.0,-41.0,-44.0,12.0,-37.4
2022-01-02,USA,United States,387434.0,102671.0,-20.0,-12.0,-26.0,-22.0,-17.0,7.0,-19.4
2022-01-03,USA,United States,387434.0,108761.0,-14.0,-1.0,-24.0,-32.0,-38.0,13.0,-21.8
2022-01-04,USA,United States,387434.0,114846.0,-14.0,1.0,-19.0,-30.0,-30.0,11.0,-18.4
2022-01-05,USA,United States,387434.0,121444.0,-16.0,0.0,-19.0,-32.0,-28.0,10.0,-19.0
2022-01-06,USA,United States,387434.0,126976.0,-19.0,-2.0,-19.0,-33.0,-30.0,11.0,-20.6
2022-01-07,USA,United States,387434.0,131874.0,-24.0,-12.0,-28.0,-37.0,-31.0,13.0,-26.4
2022-01-08,USA,United States,387434.0,133576.0,-19.0,-6.0,-20.0,-30.0,-12.0,7.0,-17.4
2022-01-09,USA,United States,668985.29,137251.0,-21.0,-11.0,-26.0,-31.0,-14.0,7.0,-20.6
2022-01-10,USA,United States,668985.29,142248.0,-17.0,-4.0,-22.0,-34.0,-27.0,10.0,-20.8
2022-01-11,USA,United States,668985.29,145834.0,-18.0,-4.0,-19.0,-35.0,-27.0,10.0,-20.6
2022-01-12,USA,United States,668985.29,149670.0,-16.0,-3.0,-12.0,-32.0,-26.0,9.0,-17.8
2022-01-13,USA,United States,668985.29,151006.0,-16.0,-1.0,-9.0,-31.0,-27.0,9.0,-16.8
2022-01-14,USA,United States,668985.29,152033.0,-17.0,-4.0,-14.0,-31.0,-27.0,10.0,-18.6
2022-01-15,USA,United States,668985.29,149478.0,-20.0,-6.0,-20.0,-31.0,-13.0,7.0,-18.0
2022-01-16,USA,United States,807276.14,149973.0,-25.0,-16.0,-23.0,-35.0,-18.0,7.0,-23.4
2022-01-17,USA,United States,807276.14,150873.0,-20.0,-12.0,-16.0,-41.0,-50.0,15.0,-27.8
2022-01-18,USA,United States,807276.14,153220.0,-18.0,-5.0,-13.0,-31.0,-28.0,9.0,-19.0
2022-01-19,USA,United States,807276.14,154497.0,-16.0,-4.0,-12.0,-31.0,-26.0,9.0,-17.8
2022-01-20,USA,United States,807276.14,152923.0,-19.0,-7.0,-18.0,-33.0,-27.0,10.0,-20.8
2022-01-21,USA,United States,807276.14,150229.0,-20.0,-11.0,-21.0,-33.0,-25.0,10.0,-22.0
2022-01-22,USA,United States,807276.14,145668.0,-19.0,-10.0,-16.0,-31.0,-11.0,6.0,-17.4
2022-01-23,USA,United States,720412.57,144757.0,-19.0,-12.0,-16.0,-29.0,-12.0,5.0,-17.6
2022-01-24,USA,United States,720412.57,144760.0,-19.0,-8.0,-16.0,-32.0,-25.0,9.0,-20.0
2022-01-25,USA,United States,720412.57,143297.0,-17.0,-6.0,-15.0,-32.0,-25.0,8.0,-19.0
2022-01-26,USA,United States,720412.57,141674.0,-16.0,-6.0,-15.0,-32.0,-24.0,8.0,-18.6
2022-01-27,USA,United States,720412.57,137503.0,-15.0,-4.0,-10.0,-30.0,-23.0,8.0,-16.4
2022-01-28,USA,United States,720412.57,133318.0,-16.0,-5.0,-15.0,-30.0,-22.0,8.0,-17.6
2022-01-29,USA,United States,720412.57,127041.0,-22.0,-15.0,-15.0,-36.0,-14.0,7.0,-20.4
2022-01-30,USA,United States,541323.14,125816.0,-18.0,-11.0,-15.0,-28.0,-11.0,4.0,-16.6
2022-01-31,USA,United States,541323.14,124054.0,-15.0,-4.0,-13.0,-30.0,-23.0,7.0,-17.0
2022-02-01,USA,United States,541323.14,120533.0,-10.0,4.0,-8.0,-28.0,-23.0,6.0,-13.0
2022-02-02,USA,United States,541323.14,117164.0,-17.0,-4.0,-15.0,-31.0,-26.0,9.0,-18.6
2022-02-03,USA,United States,541323.14,112652.0,-25.0,-12.0,-19.0,-36.0,-33.0,13.0,-25.0
2022-02-04,USA,United States,541323.14,107664.0,-23.0,-15.0,-22.0,-35.0,-31.0,13.0,-25.2
2022-02-05,USA,United States,541323.14,101670.0,-13.0,-6.0,-9.0,-26.0,-8.0,4.0,-12.4
2022-02-06,USA,United States,312672.86,99064.0,-12.0,-7.0,-7.0,-25.0,-9.0,3.0,-12.0
2022-02-07,USA,United States,312672.86,97280.0,-14.0,-5.0,-11.0,-28.0,-22.0,7.0,-16.0
2022-02-08,USA,United States,312672.86,93609.0,-12.0,-3.0,-5.0,-27.0,-22.0,6.0,-13.8
2022-02-09,USA,United States,312672.86,90113.0,-10.0,-2.0,0.0,-26.0,-21.0,6.0,-11.8
2022-02-10,USA,United States,312672.86,86034.0,-11.0,-1.0,4.0,-25.0,-21.0,6.0,-10.8
2022-02-11,USA,United States,312672.86,81494.0,-11.0,-3.0,3.0,-24.0,-20.0,6.0,-11.0
2022-02-12,USA,United States,312672.86,76807.0,-8.0,2.0,12.0,-20.0,-7.0,2.0,-4.2
2022-02-13,USA,United States,174587.43,74334.0,-16.0,4.0,-15.0,-25.0,-10.0,2.0,-12.4
2022-02-14,USA,United States,174587.43,72085.0,-5.0,6.0,-7.0,-27.0,-23.0,6.0,-11.2
2022-02-15,USA,United States,174587.43,68705.0,-14.0,-5.0,-4.0,-26.0,-21.0,6.0,-14.0
2022-02-16,USA,United States,174587.43,65247.0,-11.0,-4.0,0.0,-25.0,-20.0,6.0,-12.0
2022-02-17,USA,United States,174587.43,61859.0,-15.0,-7.0,-2.0,-26.0,-22.0,7.0,-14.4
2022-02-18,USA,United States,174587.43,58681.0,-13.0,-9.0,-4.0,-24.0,-23.0,7.0,-14.6
2022-02-19,USA,United States,174587.43,54814.0,-9.0,-6.0,6.0,-19.0,-8.0,3.0,-7.2
2022-02-20,USA,United States,101165.14,52974.0,-6.0,-6.0,11.0,-19.0,-10.0,2.0,-6.0
2022-02-21,USA,United States,101165.14,51305.0,-7.0,-4.0,14.0,-29.0,-38.0,9.0,-12.8
2022-02-22,USA,United States,101165.14,49428.0,-14.0,-7.0,-10.0,-28.0,-24.0,7.0,-16.6
2022-02-23,USA,United States,101165.14,47038.0,-13.0,-6.0,-4.0,-27.0,-23.0,7.0,-14.6
2022-02-24,USA,United States,101165.14,44380.0,-15.0,-7.0,-9.0,-28.0,-25.0,8.0,-16.8
2022-02-25,USA,United States,101165.14,42035.0,-15.0,-12.0,-11.0,-29.0,-23.0,8.0,-18.0
2022-02-26,USA,United States,101165.14,39278.0,-9.0,-6.0,1.0,-20.0,-7.0,2.0,-8.2
2022-02-27,USA,United States,65467.43,37964.0,-8.0,-6.0,-3.0,-19.0,-9.0,2.0,-9.0
2022-02-28,USA,United States,65467.43,36982.0,-10.0,-4.0,-2.0,-25.0,-21.0,5.0,-12.4
2022-03-01,USA,United States,65467.43,35342.0,-7.0,-1.0,8.0,-24.0,-21.0,5.0,-9.0
2022-03-02,USA,United States,65467.43,33770.0,-8.0,-3.0,11.0,-24.0,-20.0,4.0,-8.8
2022-03-03,USA,United States,65467.43,31996.0,-8.0,-2.0,7.0,-25.0,-20.0,4.0,-9.6
2022-03-04,USA,United States,65467.43,29869.0,-10.0,-7.0,0.0,-25.0,-19.0,5.0,-12.2
2022-03-05,USA,United States,65467.43,27801.0,-7.0,-4.0,19.0,-20.0,-7.0,1.0,-3.8
2022-03-06,USA,United States,47501.29,27011.0,-7.0,-5.0,10.0,-20.0,-9.0,2.0,-6.2
2022-03-07,USA,United States,47501.29,26401.0,-14.0,-6.0,-5.0,-27.0,-21.0,6.0,-14.6
2022-03-08,USA,United States,47501.29,25188.0,-12.0,-5.0,-2.0,-27.0,-20.0,5.0,-13.2
2022-03-09,USA,United States,47501.29,24175.0,-13.0,-7.0,-6.0,-28.0,-20.0,6.0,-14.8
2022-03-10,USA,United States,47501.29,22841.0,-12.0,-5.0,1.0,-27.0,-20.0,5.0,-12.6
2022-03-11,USA,United States,47501.29,21501.0,-14.0,-8.0,-4.0,-27.0,-21.0,6.0,-14.8
2022-03-12,USA,United States,47501.29,20232.0,-16.0,-13.0,-13.0,-26.0,-10.0,4.0,-15.6
2022-03-13,USA,United States,33476.0,19546.0,-10.0,-8.0,0.0,-20.0,-9.0,2.0,-9.4
2022-03-14,USA,United States,33476.0,19020.0,-12.0,-5.0,12.0,-26.0,-24.0,6.0,-11.0
2022-03-15,USA,United States,33476.0,18519.0,-10.0,-4.0,19.0,-25.0,-23.0,5.0,-8.6
2022-03-16,USA,United States,33476.0,17945.0,-7.0,-4.0,25.0,-24.0,-22.0,5.0,-6.4
2022-03-17,USA,United States,33476.0,17394.0,-9.0,-5.0,20.0,-25.0,-23.0,5.0,-8.4
2022-03-18,USA,United States,33476.0,16540.0,-11.0,-9.0,15.0,-24.0,-24.0,5.0,-10.6
2022-03-19,USA,United States,33476.0,15659.0,-9.0,-6.0,19.0,-19.0,-8.0,1.0,-4.6
2022-03-20,USA,United States,29820.0,15341.0,-6.0,-5.0,24.0,-15.0,-9.0,1.0,-2.2
2022-03-21,USA,United States,29820.0,15071.0,-12.0,-6.0,16.0,-26.0,-22.0,5.0,-10.0
2022-03-22,USA,United States,29820.0,14553.0,-12.0,-6.0,12.0,-26.0,-21.0,5.0,-10.6
2022-03-23,USA,United States,29820.0,14170.0,-11.0,-7.0,4.0,-26.0,-21.0,5.0,-12.2
2022-03-24,USA,United States,29820.0,13623.0,-11.0,-6.0,9.0,-26.0,-21.0,5.0,-11.0
2022-03-25,USA,United States,29820.0,13100.0,-11.0,-8.0,12.0,-25.0,-20.0,4.0,-10.4
2022-03-26,USA,United States,29820.0,12574.0,-9.0,-6.0,22.0,-20.0,-7.0,1.0,-4.0
2022-03-27,USA,United States,27638.43,12203.0,-8.0,-6.0,10.0,-18.0,-9.0,1.0,-6.2
2022-03-28,USA,United States,27638.43,12094.0,-14.0,-8.0,-1.0,-28.0,-21.0,6.0,-14.4
2022-03-29,USA,United States,27638.43,11810.0,-12.0,-6.0,7.0,-27.0,-20.0,5.0,-11.6
2022-03-30,USA,United States,27638.43,11545.0,-11.0,-7.0,8.0,-27.0,-20.0,5.0,-11.4
2022-03-31,USA,United States,27638.43,11294.0,-10.0,-6.0,8.0,-26.0,-20.0,5.0,-10.8
2022-04-01,USA,United States,27638.43,10900.0,-8.0,-5.0,11.0,-24.0,-19.0,4.0,-9.0
2022-04-02,USA,United States,27638.43,10526.0,-7.0,-4.0,29.0,-19.0,-7.0,1.0,-1.6
2022-04-03,USA,United States,27780.57,10380.0,-6.0,-4.0,15.0,-18.0,-8.0,1.0,-4.2
2022-04-04,USA,United States,27780.57,10515.0,-11.0,-4.0,12.0,-26.0,-21.0,4.0,-10.0
2022-04-05,USA,United States,27780.57,10479.0,-11.0,-4.0,13.0,-25.0,-21.0,5.0,-9.6
2022-04-06,USA,United States,27780.57,10418.0,-10.0,-5.0,11.0,-25.0,-20.0,5.0,-9.8
2022-04-07,USA,United States,27780.57,10402.0,-10.0,-5.0,12.0,-25.0,-20.0,5.0,-9.6
2022-04-08,USA,United States,27780.57,10218.0,-9.0,-5.0,13.0,-23.0,-20.0,4.0,-8.8
2022-04-09,USA,United States,27780.57,9875.0,-6.0,-2.0,28.0,-17.0,-7.0,1.0,-0.8
2022-04-10,USA,United States,28741.71,9866.0,-4.0,-2.0,24.0,-15.0,-8.0,0.0,-1.0
2022-04-11,USA,United States,28741.71,10090.0,-10.0,-2.0,16.0,-25.0,-21.0,5.0,-8.4
2022-04-12,USA,United States,28741.71,10112.0,-9.0,-2.0,24.0,-24.0,-21.0,4.0,-6.4
2022-04-13,USA,United States,28741.71,10163.0,-8.0,-3.0,18.0,-25.0,-21.0,4.0,-7.8
2022-04-14,USA,United States,28741.71,10199.0,-5.0,1.0,24.0,-23.0,-22.0,4.0,-5.0
2022-04-15,USA,United States,28741.71,10298.0,-6.0,0.0,27.0,-26.0,-35.0,7.0,-8.0
2022-04-16,USA,United States,28741.71,9958.0,-8.0,7.0,28.0,-22.0,-13.0,1.0,-1.6
2022-04-17,USA,United States,35419.86,10152.0,-31.0,-17.0,21.0,-22.0,-23.0,0.0,-14.4
2022-04-18,USA,United States,35419.86,10413.0,-12.0,-7.0,5.0,-27.0,-27.0,6.0,-13.6
2022-04-19,USA,United States,35419.86,10676.0,-11.0,-5.0,15.0,-26.0,-21.0,5.0,-9.6
2022-04-20,USA,United States,35419.86,10919.0,-8.0,-4.0,22.0,-24.0,-20.0,4.0,-6.8
2022-04-21,USA,United States,35419.86,11101.0,-8.0,-3.0,29.0,-24.0,-21.0,4.0,-5.4
2022-04-22,USA,United States,35419.86,11205.0,-8.0,-6.0,27.0,-23.0,-21.0,4.0,-6.2
2022-04-23,USA,United States,35419.86,11236.0,-5.0,-2.0,59.0,-16.0,-7.0,0.0,5.8
2022-04-24,USA,United States,42960.14,11460.0,-4.0,-2.0,39.0,-14.0,-9.0,0.0,2.0
2022-04-25,USA,United States,42960.14,11920.0,-10.0,-3.0,16.0,-24.0,-20.0,4.0,-8.2
2022-04-26,USA,United States,42960.14,12352.0,-9.0,-2.0,17.0,-24.0,-19.0,4.0,-7.4
2022-04-27,USA,United States,42960.14,12756.0,-7.0,-2.0,22.0,-23.0,-18.0,3.0,-5.6
2022-04-28,USA,United States,42960.14,12926.0,-7.0,-1.0,26.0,-22.0,-19.0,3.0,-4.6
2022-04-29,USA,United States,42960.14,13009.0,-7.0,-3.0,26.0,-21.0,-19.0,3.0,-4.8
2022-04-30,USA,United States,42960.14,12851.0,-5.0,-1.0,47.0,-16.0,-7.0,0.0,3.6
2022-05-01,USA,United States,54078.43,13150.0,-3.0,0.0,34.0,-14.0,-8.0,0.0,1.8
2022-05-02,USA,United States,54078.43,13807.0,-8.0,0.0,18.0,-25.0,-20.0,4.0,-7.0
2022-05-03,USA,United States,54078.43,14229.0,-6.0,2.0,21.0,-23.0,-19.0,4.0,-5.0
2022-05-04,USA,United States,54078.43,14555.0,-6.0,1.0,22.0,-23.0,-19.0,3.0,-5.0
2022-05-05,USA,United States,54078.43,14869.0,-4.0,2.0,29.0,-22.0,-19.0,3.0,-2.8
2022-05-06,USA,United States,54078.43,14941.0,-7.0,-2.0,13.0,-23.0,-20.0,4.0,-7.8
2022-05-07,USA,United States,54078.43,15051.0,-2.0,7.0,36.0,-18.0,-9.0,0.0,2.8
2022-05-08,USA,United States,66522.57,15307.0,2.0,6.0,25.0,-15.0,-10.0,-1.0,1.6
2022-05-09,USA,United States,66522.57,15618.0,-8.0,-1.0,29.0,-23.0,-21.0,4.0,-4.8
2022-05-10,USA,United States,66522.57,16288.0,-5.0,1.0,37.0,-22.0,-20.0,3.0,-1.8
2022-05-11,USA,United States,66522.57,16772.0,-6.0,0.0,35.0,-22.0,-19.0,3.0,-2.4
2022-05-12,USA,United States,66522.57,17349.0,-6.0,0.0,39.0,-21.0,-20.0,3.0,-1.6
2022-05-13,USA,United States,66522.57,17840.0,-8.0,-3.0,35.0,-21.0,-20.0,3.0,-3.4
2022-05-14,USA,United States,66522.57,17906.0,-6.0,-1.0,57.0,-15.0,-9.0,0.0,5.2
2022-05-15,USA,United States,86422.14,18359.0,-4.0,0.0,45.0,-12.0,-9.0,0.0,4.0
2022-05-16,USA,United States,86422.14,19377.0,-9.0,-1.0,28.0,-23.0,-21.0,4.0,-5.2
2022-05-17,USA,United States,86422.14,20075.0,-7.0,0.0,40.0,-21.0,-20.0,3.0,-1.6
2022-05-18,USA,United States,86422.14,20473.0,-6.0,-1.0,31.0,-21.0,-20.0,3.0,-3.4
2022-05-19,USA,United States,86422.14,20650.0,-6.0,0.0,36.0,-21.0,-21.0,3.0,-2.4
2022-05-20,USA,United States,86422.14,20903.0,-8.0,-4.0,30.0,-21.0,-21.0,3.0,-4.8
2022-05-21,USA,United States,86422.14,20623.0,-8.0,-1.0,53.0,-14.0,-9.0,0.0,4.2
2022-05-22,USA,United States,104927.86,21051.0,-5.0,-1.0,40.0,-12.0,-10.0,0.0,2.4
2022-05-23,USA,United States,104927.86,21887.0,-8.0,-1.0,27.0,-22.0,-22.0,4.0,-5.2
2022-05-24,USA,United States,104927.86,22040.0,-7.0,-1.0,30.0,-22.0,-22.0,4.0,-4.4
2022-05-25,USA,United States,104927.86,22188.0,-5.0,0.0,28.0,-21.0,-22.0,4.0,-4.0
2022-05-26,USA,United States,104927.86,22392.0,-4.0,1.0,34.0,-19.0,-23.0,4.0,-2.2
2022-05-27,USA,United States,104927.86,22493.0,-7.0,-1.0,36.0,-19.0,-27.0,4.0,-3.6
2022-05-28,USA,United States,104927.86,22059.0,-9.0,1.0,60.0,-14.0,-15.0,0.0,4.6
2022-05-29,USA,United States,105817.14,22352.0,-4.0,1.0,79.0,-13.0,-14.0,-2.0,9.8
2022-05-30,USA,United States,105817.14,22820.0,-11.0,-4.0,82.0,-34.0,-72.0,14.0,-7.8
2022-05-31,USA,United States,105817.14,23974.0,-7.0,2.0,38.0,-20.0,-26.0,4.0,-2.6
2022-06-01,USA,United States,105817.14,24718.0,-5.0,2.0,33.0,-20.0,-24.0,4.0,-2.8
2022-06-02,USA,United States,105817.14,24902.0,-6.0,1.0,39.0,-21.0,-25.0,4.0,-2.4
2022-06-03,USA,United States,105817.14,24723.0,-7.0,-1.0,41.0,-20.0,-25.0,4.0,-2.4
2022-06-04,USA,United States,105817.14,24076.0,-8.0,0.0,64.0,-12.0,-9.0,0.0,7.0
2022-06-05,USA,United States,96518.14,24305.0,-5.0,0.0,53.0,-10.0,-10.0,0.0,5.6
2022-06-06,USA,United States,96518.14,24716.0,-8.0,0.0,34.0,-21.0,-27.0,5.0,-4.4
2022-06-07,USA,United States,96518.14,24981.0,-7.0,0.0,38.0,-21.0,-26.0,5.0,-3.2
2022-06-08,USA,United States,96518.14,25421.0,-6.0,-1.0,37.0,-20.0,-26.0,5.0,-3.2
2022-06-09,USA,United States,96518.14,25600.0,-6.0,0.0,47.0,-20.0,-27.0,5.0,-1.2
2022-06-10,USA,United States,96518.14,25365.0,-8.0,-3.0,44.0,-19.0,-28.0,4.0,-2.8
2022-06-11,USA,United States,96518.14,24983.0,-9.0,-1.0,62.0,-11.0,-10.0,0.0,6.2
2022-06-12,USA,United States,105863.43,25159.0,-6.0,-1.0,43.0,-10.0,-10.0,0.0,3.2
2022-06-13,USA,United States,105863.43,25689.0,-8.0,-1.0,34.0,-21.0,-28.0,5.0,-4.8
2022-06-14,USA,United States,105863.43,26042.0,-7.0,0.0,42.0,-20.0,-27.0,5.0,-2.4
2022-06-15,USA,United States,105863.43,26413.0,-5.0,1.0,43.0,-19.0,-27.0,5.0,-1.4
2022-06-16,USA,United States,105863.43,26235.0,-6.0,1.0,44.0,-19.0,-28.0,5.0,-1.6
2022-06-17,USA,United States,105863.43,26221.0,-8.0,-1.0,48.0,-18.0,-30.0,5.0,-1.8
2022-06-18,USA,United States,105863.43,25557.0,-7.0,4.0,69.0,-9.0,-11.0,-1.0,9.2
2022-06-19,USA,United States,96036.57,25736.0,-3.0,3.0,59.0,-9.0,-12.0,-2.0,7.6
2022-06-20,USA,United States,96036.57,26414.0,-7.0,-1.0,49.0,-23.0,-37.0,7.0,-3.8
2022-06-21,USA,United States,96036.57,26719.0,-7.0,0.0,46.0,-20.0,-28.0,5.0,-1.8
2022-06-22,USA,United States,96036.57,27312.0,-7.0,-1.0,40.0,-20.0,-28.0,5.0,-3.2
2022-06-23,USA,United States,96036.57,27712.0,-7.0,0.0,51.0,-19.0,-29.0,5.0,-0.8
2022-06-24,USA,United States,96036.57,27794.0,-9.0,-3.0,52.0,-18.0,-30.0,5.0,-1.6
2022-06-25,USA,United States,96036.57,27675.0,-10.0,-1.0,70.0,-10.0,-10.0,0.0,7.8
2022-06-26,USA,United States,101376.71,28123.0,-7.0,-2.0,57.0,-6.0,-9.0,0.0,6.6
2022-06-27,USA,United States,101376.71,29133.0,-9.0,-2.0,37.0,-21.0,-30.0,5.0,-5.0
2022-06-28,USA,United States,101376.71,29548.0,-7.0,0.0,49.0,-20.0,-29.0,5.0,-1.4
2022-06-29,USA,United States,101376.71,29938.0,-6.0,0.0,48.0,-19.0,-29.0,5.0,-1.2
2022-06-30,USA,United States,101376.71,30017.0,-4.0,3.0,53.0,-17.0,-30.0,5.0,1.0
2022-07-01,USA,United States,101376.71,30087.0,-5.0,5.0,51.0,-16.0,-33.0,5.0,0.4
2022-07-02,USA,United States,101376.71,29807.0,-10.0,5.0,67.0,-10.0,-15.0,0.0,7.4
2022-07-03,USA,United States,110538.86,30088.0,-5.0,6.0,86.0,-12.0,-14.0,-2.0,12.2
2022-07-04,USA,United States,110538.86,30720.0,-20.0,-5.0,127.0,-36.0,-75.0,14.0,-1.8
2022-07-05,USA,United States,110538.86,32096.0,-9.0,1.0,33.0,-20.0,-36.0,7.0,-6.2
2022-07-06,USA,United States,110538.86,33435.0,-8.0,0.0,41.0,-21.0,-31.0,6.0,-3.8
2022-07-07,USA,United States,110538.86,33925.0,-7.0,1.0,48.0,-21.0,-31.0,5.0,-2.0
2022-07-08,USA,United States,110538.86,34217.0,-10.0,-4.0,40.0,-22.0,-31.0,6.0,-5.4
2022-07-09,USA,United States,110538.86,33571.0,-11.0,-2.0,59.0,-12.0,-10.0,0.0,4.8
2022-07-10,USA,United States,106252.71,34039.0,-7.0,-2.0,53.0,-9.0,-10.0,0.0,5.0
2022-07-11,USA,United States,106252.71,35321.0,-9.0,-1.0,40.0,-21.0,-31.0,5.0,-4.4
2022-07-12,USA,United States,106252.71,36028.0,-8.0,-1.0,43.0,-21.0,-30.0,5.0,-3.4
2022-07-13,USA,United States,106252.71,36788.0,-7.0,-1.0,46.0,-20.0,-29.0,5.0,-2.2
2022-07-14,USA,United States,106252.71,37170.0,-8.0,0.0,52.0,-19.0,-30.0,5.0,-1.0
2022-07-15,USA,United States,106252.71,36997.0,-11.0,-5.0,48.0,-20.0,-31.0,6.0,-3.8
2022-07-16,USA,United States,106252.71,36300.0,-11.0,-2.0,61.0,-11.0,-10.0,0.0,5.4
2022-07-17,USA,United States,126889.86,36791.0,-8.0,-2.0,46.0,-9.0,-10.0,1.0,3.4
2022-07-18,USA,United States,126889.86,38047.0,-10.0,-2.0,33.0,-22.0,-31.0,10.0,-6.4
2022-07-19,USA,United States,126889.86,38840.0,-8.0,-1.0,42.0,-21.0,-30.0,10.0,-3.6
2022-07-20,USA,United States,126889.86,39366.0,-7.0,-1.0,43.0,-20.0,-29.0,5.0,-2.8
2022-07-21,USA,United States,126889.86,39394.0,-8.0,0.0,47.0,-20.0,-30.0,5.0,-2.2
2022-07-22,USA,United States,126889.86,39177.0,-10.0,-2.0,46.0,-19.0,-30.0,6.0,-3.0
2022-07-23,USA,United States,126889.86,38487.0,-11.0,-2.0,57.0,-11.0,-10.0,1.0,4.6
2022-07-24,USA,United States,129813.57,38668.0,-8.0,-3.0,42.0,-10.0,-10.0,1.0,2.2
2022-07-25,USA,United States,129813.57,39693.0,-10.0,-2.0,32.0,-21.0,-31.0,7.0,-6.4
2022-07-26,USA,United States,129813.57,39965.0,-7.0,1.0,41.0,-20.0,-29.0,6.0,-2.8
2022-07-27,USA,United States,129813.57,40250.0,-6.0,0.0,43.0,-19.0,-29.0,5.0,-2.2
2022-07-28,USA,United States,129813.57,40131.0,-6.0,1.0,47.0,-19.0,-29.0,5.0,-1.2
2022-07-29,USA,United States,129813.57,39540.0,-8.0,2.0,46.0,-18.0,-30.0,5.0,-1.6
2022-07-30,USA,United States,129813.57,38395.0,-9.0,-1.0,66.0,-9.0,-9.0,0.0,7.6
2022-07-31,USA,United States,135426.14,38690.0,-6.0,-1.0,49.0,-7.0,-9.0,0.0,5.2
2022-08-01,USA,United States,135426.14,39446.0,-6.0,2.0,33.0,-20.0,-30.0,6.0,-4.2
2022-08-02,USA,United States,135426.14,39536.0,-5.0,1.0,44.0,-20.0,-29.0,6.0,-1.8
2022-08-03,USA,United States,135426.14,39865.0,-4.0,2.0,40.0,-20.0,-29.0,5.0,-2.2
2022-08-04,USA,United States,135426.14,39226.0,-5.0,1.0,44.0,-20.0,-29.0,5.0,-1.8
2022-08-05,USA,United States,135426.14,38974.0,-8.0,-2.0,40.0,-20.0,-30.0,5.0,-4.0
2022-08-06,USA,United States,135426.14,37959.0,-9.0,0.0,57.0,-10.0,-10.0,0.0,5.6
2022-08-07,USA,United States,112578.71,38038.0,-6.0,0.0,40.0,-9.0,-9.0,0.0,3.2
2022-08-08,USA,United States,112578.71,38319.0,-8.0,0.0,30.0,-21.0,-30.0,6.0,-5.8
2022-08-09,USA,United States,112578.71,38477.0,-7.0,0.0,36.0,-21.0,-29.0,5.0,-4.2
2022-08-10,USA,United States,112578.71,38269.0,-6.0,0.0,39.0,-20.0,-28.0,5.0,-3.0
2022-08-11,USA,United States,112578.71,37896.0,-6.0,1.0,46.0,-20.0,-28.0,5.0,-1.4
2022-08-12,USA,United States,112578.71,37286.0,-9.0,-3.0,45.0,-19.0,-29.0,4.0,-3.0
2022-08-13,USA,United States,112578.71,35823.0,-9.0,0.0,64.0,-10.0,-9.0,0.0,7.2
2022-08-14,USA,United States,100231.14,36056.0,-5.0,0.0,47.0,-8.0,-8.0,1.0,5.2
2022-08-15,USA,United States,100231.14,36801.0,-7.0,0.0,33.0,-21.0,-29.0,7.0,-4.8
2022-08-16,USA,United States,100231.14,36506.0,-6.0,1.0,39.0,-20.0,-28.0,7.0,-2.8
2022-08-17,USA,United States,100231.14,36275.0,-5.0,0.0,39.0,-20.0,-27.0,7.0,-2.6
2022-08-18,USA,United States,100231.14,35573.0,-6.0,0.0,47.0,-19.0,-27.0,7.0,-1.0
2022-08-19,USA,United States,100231.14,34961.0,-8.0,-3.0,42.0,-19.0,-28.0,7.0,-3.2
2022-08-20,USA,United States,100231.14,33887.0,-8.0,-1.0,58.0,-11.0,-9.0,2.0,5.8
2022-08-21,USA,United States,92132.14,34097.0,-6.0,-1.0,39.0,-9.0,-8.0,2.0,3.0
2022-08-22,USA,United States,92132.14,34720.0,-9.0,-2.0,25.0,-22.0,-28.0,8.0,-7.2
2022-08-23,USA,United States,92132.14,34472.0,-8.0,0.0,37.0,-20.0,-27.0,7.0,-3.6
2022-08-24,USA,United States,92132.14,34085.0,-7.0,-1.0,38.0,-20.0,-26.0,7.0,-3.2
2022-08-25,USA,United States,92132.14,33568.0,-7.0,-1.0,41.0,-20.0,-26.0,7.0,-2.6
2022-08-26,USA,United States,92132.14,33132.0,-9.0,-4.0,35.0,-20.0,-26.0,6.0,-4.8
2022-08-27,USA,United States,92132.14,32073.0,-9.0,-1.0,61.0,-13.0,-8.0,2.0,6.0
2022-08-28,USA,United States,87189.86,32133.0,-6.0,-1.0,40.0,-11.0,-8.0,1.0,2.8
2022-08-29,USA,United States,87189.86,32571.0,-11.0,-2.0,24.0,-22.0,-27.0,6.0,-7.6
2022-08-30,USA,United States,87189.86,32463.0,-9.0,-1.0,28.0,-21.0,-25.0,5.0,-5.6
2022-08-31,USA,United States,87189.86,32441.0,-6.0,0.0,31.0,-19.0,-25.0,4.0,-3.8
2022-09-01,USA,United States,87189.86,31491.0,-4.0,4.0,37.0,-17.0,-26.0,3.0,-1.2
2022-09-02,USA,United States,87189.86,30932.0,-6.0,2.0,40.0,-16.0,-28.0,3.0,-1.6
2022-09-03,USA,United States,87189.86,29864.0,-7.0,2.0,59.0,-11.0,-14.0,0.0,5.8
2022-09-04,USA,United States,82909.0,29694.0,-4.0,0.0,59.0,-14.0,-13.0,-1.0,5.6
2022-09-05,USA,United States,82909.0,30329.0,-11.0,-4.0,44.0,-33.0,-72.0,16.0,-15.2
2022-09-06,USA,United States,82909.0,31065.0,-10.0,1.0,17.0,-20.0,-26.0,4.0,-7.6
2022-09-07,USA,United States,82909.0,30928.0,-9.0,0.0,25.0,-20.0,-23.0,4.0,-5.4
2022-09-08,USA,United States,82909.0,30445.0,-9.0,0.0,34.0,-19.0,-23.0,3.0,-3.4
2022-09-09,USA,United States,82909.0,29873.0,-10.0,-4.0,29.0,-19.0,-22.0,3.0,-5.2
2022-09-10,USA,United States,82909.0,27877.0,-9.0,-2.0,51.0,-13.0,-8.0,1.0,3.8
2022-09-11,USA,United States,64215.57,27990.0,-10.0,-3.0,16.0,-14.0,-8.0,1.0,-3.8
2022-09-12,USA,United States,64215.57,28291.0,-11.0,-2.0,19.0,-20.0,-23.0,4.0,-7.4
2022-09-13,USA,United States,64215.57,27824.0,-9.0,-1.0,29.0,-19.0,-23.0,3.0,-4.6
2022-09-14,USA,United States,64215.57,27443.0,-8.0,-1.0,31.0,-18.0,-22.0,3.0,-3.6
2022-09-15,USA,United States,64215.57,26772.0,-7.0,0.0,37.0,-17.0,-23.0,3.0,-2.0
2022-09-16,USA,United States,64215.57,26096.0,-9.0,-4.0,33.0,-18.0,-23.0,3.0,-4.2
2022-09-17,USA,United States,64215.57,25096.0,-8.0,-1.0,62.0,-11.0,-9.0,-1.0,6.6
2022-09-18,USA,United States,58128.71,25162.0,-7.0,-2.0,36.0,-10.0,-9.0,0.0,1.6
2022-09-19,USA,United States,58128.71,25866.0,-11.0,-2.0,20.0,-20.0,-24.0,4.0,-7.4
2022-09-20,USA,United States,58128.71,25537.0,-10.0,-1.0,27.0,-19.0,-23.0,3.0,-5.2
2022-09-21,USA,United States,58128.71,25155.0,-8.0,-1.0,26.0,-19.0,-22.0,3.0,-4.8
2022-09-22,USA,United States,58128.71,24945.0,-9.0,-1.0,26.0,-19.0,-23.0,4.0,-5.2
2022-09-23,USA,United States,58128.71,24489.0,-9.0,-3.0,27.0,-18.0,-23.0,3.0,-5.2
2022-09-24,USA,United States,58128.71,23353.0,-8.0,-1.0,58.0,-12.0,-9.0,0.0,5.6
2022-09-25,USA,United States,52675.0,23322.0,-8.0,-2.0,26.0,-11.0,-10.0,1.0,-1.0
2022-09-26,USA,United States,52675.0,23851.0,-10.0,0.0,20.0,-21.0,-24.0,4.0,-7.0
2022-09-27,USA,United States,52675.0,23655.0,-10.0,0.0,23.0,-20.0,-23.0,4.0,-6.0
2022-09-28,USA,United States,52675.0,23556.0,-11.0,-4.0,18.0,-22.0,-25.0,4.0,-8.8
2022-09-29,USA,United States,52675.0,23287.0,-10.0,-2.0,26.0,-21.0,-25.0,4.0,-6.4
2022-09-30,USA,United States,52675.0,22716.0,-10.0,-3.0,22.0,-20.0,-25.0,4.0,-7.2
2022-10-01,USA,United States,52675.0,21783.0,-8.0,-1.0,38.0,-15.0,-10.0,0.0,0.8
2022-10-02,USA,United States,45890.57,21933.0,-8.0,-2.0,20.0,-14.0,-10.0,1.0,-2.8
2022-10-03,USA,United States,45890.57,22669.0,-8.0,1.0,16.0,-21.0,-23.0,4.0,-7.0
2022-10-04,USA,United States,45890.57,22723.0,-8.0,0.0,20.0,-21.0,-22.0,4.0,-6.2
2022-10-05,USA,United States,45890.57,22581.0,-7.0,0.0,21.0,-21.0,-23.0,4.0,-6.0
2022-10-06,USA,United States,45890.57,22263.0,-7.0,0.0,33.0,-17.0,-21.0,3.0,-2.4
2022-10-07,USA,United States,45890.57,21779.0,-9.0,-4.0,28.0,-18.0,-23.0,3.0,-5.2
2022-10-08,USA,United States,45890.57,21219.0,-8.0,-2.0,54.0,-11.0,-10.0,0.0,4.6
2022-10-09,USA,United States,40083.43,21340.0,-8.0,-3.0,34.0,-10.0,-10.0,0.0,0.6
2022-10-10,USA,United States,40083.43,21808.0,-10.0,-2.0,27.0,-23.0,-31.0,6.0,-7.8
2022-10-11,USA,United States,40083.43,21990.0,-11.0,-2.0,26.0,-19.0,-22.0,4.0,-5.6
2022-10-12,USA,United States,40083.43,21789.0,-10.0,-3.0,19.0,-20.0,-22.0,4.0,-7.2
2022-10-13,USA,United States,40083.43,21762.0,-9.0,-2.0,18.0,-19.0,-22.0,4.0,-6.8
2022-10-14,USA,United States,40083.43,21544.0,-9.0,-3.0,24.0,-18.0,-23.0,3.0,-5.8
2022-10-15,USA,United States,40083.43,20862.0,-8.0,-1.0,50.0,-11.0,-9.0,0.0,4.2
