date,iso_code,location,new_cases_smoothed,hosp_patients,retail_and_recreation_percent_change_from_baseline,grocery_and_pharmacy_percent_change_from_baseline,parks_percent_change_from_baseline,transit_stations_percent_change_from_baseline,workplaces_percent_change_from_baseline,residential_percent_change_from_baseline,mobility_avg,new_cases_interp,new_cases_no_spikes
2020-02-15,USA,United States,1.0,0.0,6.0,2.0,15.0,3.0,2.0,-1.0,5.6,1.57,1.57
2020-02-16,USA,United States,1.0,0.0,7.0,1.0,16.0,2.0,0.0,-1.0,5.2,0.57,0.57
2020-02-17,USA,United States,1.0,0.0,6.0,0.0,28.0,-9.0,-24.0,5.0,0.2,0.57,0.57
2020-02-18,USA,United States,1.0,0.0,0.0,-1.0,6.0,1.0,0.0,1.0,1.2,0.57,0.57
2020-02-19,USA,United States,0.0,0.0,2.0,0.0,8.0,1.0,1.0,0.0,2.4,0.57,0.57
2020-02-20,USA,United States,1.0,0.0,1.0,0.0,4.0,0.0,0.0,1.0,1.0,0.57,0.57
2020-02-21,USA,United States,1.0,0.0,2.0,-2.0,4.0,1.0,0.0,0.0,1.0,0.57,0.57
2020-02-22,USA,United States,1.0,0.0,7.0,3.0,23.0,5.0,4.0,-1.0,8.4,0.57,0.57
2020-02-23,USA,United States,2.0,0.0,7.0,3.0,23.0,5.0,2.0,-1.0,8.0,2.29,2.29
2020-02-24,USA,United States,2.0,0.0,2.0,1.0,9.0,1.0,3.0,0.0,3.2,2.29,2.29
2020-02-25,USA,United States,2.0,0.0,4.0,1.0,9.0,2.0,2.0,0.0,3.6,2.29,2.29
2020-02-26,USA,United States,2.0,0.0,7.0,2.0,5.0,3.0,2.0,-1.0,3.8,2.29,2.29
2020-02-27,USA,United States,3.0,0.0,8.0,3.0,12.0,4.0,2.0,0.0,5.8,2.29,2.29
2020-02-28,USA,United States,3.0,0.0,8.0,3.0,10.0,5.0,2.0,-1.0,5.6,2.29,2.29
2020-02-29,USA,United States,3.0,0.0,12.0,7.0,21.0,7.0,4.0,-2.0,10.2,2.29,2.29
2020-03-01,USA,United States,4.0,0.0,13.0,9.0,18.0,7.0,3.0,-1.0,10.0,4.71,4.71
2020-03-02,USA,United States,4.0,0.0,7.0,6.0,10.0,2.0,3.0,-1.0,5.6,4.71,4.71
2020-03-03,USA,United States,0.0,0.0,11.0,10.0,20.0,3.0,2.0,-1.0,9.2,4.71,4.71
2020-03-04,USA,United States,2.0,0.0,8.0,6.0,17.0,2.0,3.0,-1.0,7.2,4.71,4.71
2020-03-05,USA,United States,7.0,0.0,8.0,7.0,21.0,2.0,3.0,-1.0,8.2,4.71,4.71
2020-03-06,USA,United States,15.0,0.0,5.0,3.0,12.0,2.0,2.0,-1.0,4.8,4.71,4.71
2020-03-07,USA,United States,25.0,0.0,10.0,8.0,29.0,7.0,5.0,-1.0,11.8,4.71,4.71
2020-03-08,USA,United States,36.0,0.0,10.0,7.0,40.0,5.0,2.0,-1.0,12.8,55.86,55.86
2020-03-09,USA,United States,46.0,0.0,6.0,6.0,31.0,-1.0,0.0,0.0,8.4,55.86,55.86
2020-03-10,USA,United States,17.0,0.0,6.0,7.0,18.0,-3.0,-2.0,1.0,5.2,55.86,55.86
2020-03-11,USA,United States,31.0,0.0,8.0,10.0,26.0,-2.0,-1.0,0.0,8.2,55.86,55.86
2020-03-12,USA,United States,78.0,0.0,6.0,23.0,19.0,-6.0,-3.0,1.0,7.8,55.86,55.86
2020-03-13,USA,United States,144.0,0.0,2.0,26.0,4.0,-10.0,-7.0,3.0,3.0,55.86,55.86
2020-03-14,USA,United States,230.0,0.0,-6.0,18.0,3.0,-10.0,-1.0,3.0,0.8,55.86,55.86
2020-03-15,USA,United States,321.0,0.0,-9.0,12.0,5.0,-13.0,-7.0,3.0,-2.4,495.0,495.0
2020-03-16,USA,United States,407.0,0.0,-8.0,21.0,-1.0,-22.0,-20.0,8.0,-6.0,495.0,495.0
2020-03-17,USA,United States,190.0,0.0,-18.0,14.0,8.0,-26.0,-27.0,11.0,-9.8,495.0,495.0
2020-03-18,USA,United States,307.0,0.0,-24.0,8.0,6.0,-30.0,-31.0,13.0,-14.2,495.0,495.0
2020-03-19,USA,United States,668.0,0.0,-28.0,7.0,2.0,-36.0,-33.0,15.0,-17.6,495.0,495.0
2020-03-20,USA,United States,1183.0,0.0,-32.0,5.0,-2.0,-37.0,-36.0,16.0,-20.4,495.0,495.0
2020-03-21,USA,United States,1855.0,0.0,-40.0,-2.0,-3.0,-36.0,-24.0,12.0,-21.0,495.0,495.0
2020-03-22,USA,United States,2567.0,0.0,-44.0,-13.0,-12.0,-44.0,-31.0,11.0,-28.8,3926.57,3926.57
2020-03-23,USA,United States,3239.0,0.0,-38.0,-10.0,-23.0,-47.0,-41.0,17.0,-31.8,3926.57,3926.57
2020-03-24,USA,United States,2982.0,0.0,-39.0,-12.0,-10.0,-46.0,-45.0,19.0,-30.4,3926.57,3926.57
2020-03-25,USA,United States,3536.0,0.0,-40.0,-15.0,-7.0,-47.0,-46.0,19.0,-31.0,3926.57,3926.57
2020-03-26,USA,United States,4596.0,0.0,-40.0,-14.0,3.0,-48.0,-47.0,20.0,-29.2,3926.57,3926.57
2020-03-27,USA,United States,5857.0,0.0,-42.0,-16.0,-7.0,-49.0,-46.0,21.0,-32.0,3926.57,3926.57
2020-03-28,USA,United States,7743.0,0.0,-48.0,-19.0,-25.0,-49.0,-34.0,15.0,-35.0,3926.57,3926.57
2020-03-29,USA,United States,9740.0,0.0,-47.0,-22.0,-19.0,-51.0,-38.0,12.0,-35.4,13556.29,13556.29
2020-03-30,USA,United States,11626.0,0.0,-40.0,-18.0,-15.0,-50.0,-48.0,19.0,-34.2,13556.29,13556.29
2020-03-31,USA,United States,12201.0,0.0,-40.0,-16.0,-16.0,-49.0,-49.0,20.0,-34.0,13556.29,13556.29
2020-04-01,USA,United States,13432.0,0.0,-37.0,-11.0,-7.0,-48.0,-49.0,20.0,-30.4,13556.29,13556.29
2020-04-02,USA,United States,14824.0,0.0,-40.0,-11.0,-9.0,-51.0,-50.0,21.0,-32.2,13556.29,13556.29
2020-04-03,USA,United States,15883.0,0.0,-42.0,-12.0,-21.0,-51.0,-50.0,22.0,-35.2,13556.29,13556.29
2020-04-04,USA,United States,18156.0,0.0,-48.0,-15.0,-24.0,-50.0,-37.0,15.0,-34.8,13556.29,13556.29
2020-04-05,USA,United States,20564.0,0.0,-49.0,-20.0,-20.0,-54.0,-40.0,13.0,-36.6,25164.43,25164.43
2020-04-06,USA,United States,22837.0,0.0,-42.0,-16.0,-10.0,-52.0,-50.0,20.0,-34.0,25164.43,25164.43
2020-04-07,USA,United States,24189.0,0.0,-42.0,-14.0,-2.0,-51.0,-51.0,21.0,-32.0,25164.43,25164.43
2020-04-08,USA,United States,25508.0,0.0,-42.0,-15.0,-6.0,-51.0,-51.0,21.0,-33.0,25164.43,25164.43
2020-04-09,USA,United States,26382.0,0.0,-43.0,-13.0,-21.0,-54.0,-52.0,22.0,-36.6,25164.43,25164.43
2020-04-10,USA,United States,26396.0,0.0,-43.0,-13.0,-21.0,-54.0,-56.0,24.0,-37.4,25164.43,25164.43
2020-04-11,USA,United States,27600.0,0.0,-45.0,-7.0,-16.0,-49.0,-38.0,14.0,-31.0,25164.43,25164.43
2020-04-12,USA,United States,28875.0,0.0,-63.0,-39.0,-36.0,-56.0,-45.0,13.0,-47.8,31310.29,31310.29
2020-04-13,USA,United States,30078.0,0.0,-45.0,-22.0,-31.0,-55.0,-51.0,21.0,-40.8,31310.29,31310.29
2020-04-14,USA,United States,31343.0,0.0,-40.0,-16.0,-15.0,-50.0,-50.0,20.0,-34.2,31310.29,31310.29
2020-04-15,USA,United States,31904.0,0.0,-36.0,-13.0,-16.0,-49.0,-49.0,20.0,-32.6,31310.29,31310.29
2020-04-16,USA,United States,31696.0,0.0,-39.0,-13.0,-14.0,-50.0,-49.0,21.0,-33.0,31310.29,31310.29
2020-04-17,USA,United States,30651.0,0.0,-42.0,-17.0,-22.0,-51.0,-48.0,22.0,-36.0,31310.29,31310.29
2020-04-18,USA,United States,30007.0,0.0,-45.0,-15.0,-20.0,-47.0,-33.0,14.0,-32.0,31310.29,31310.29
2020-04-19,USA,United States,29325.0,0.0,-45.0,-19.0,-10.0,-50.0,-37.0,11.0,-32.2,28021.43,28021.43
2020-04-20,USA,United States,28681.0,0.0,-39.0,-16.0,-7.0,-49.0,-48.0,19.0,-31.8,28021.43,28021.43
2020-04-21,USA,United States,28044.0,0.0,-38.0,-14.0,-8.0,-49.0,-49.0,20.0,-31.6,28021.43,28021.43
2020-04-22,USA,United States,27733.0,0.0,-38.0,-14.0,-9.0,-48.0,-49.0,20.0,-31.6,28021.43,28021.43
2020-04-23,USA,United States,27796.0,0.0,-40.0,-14.0,-14.0,-50.0,-49.0,21.0,-33.4,28021.43,28021.43
2020-04-24,USA,United States,28280.0,0.0,-40.0,-16.0,-14.0,-50.0,-48.0,21.0,-33.6,28021.43,28021.43
2020-04-25,USA,United States,28532.0,0.0,-41.0,-11.0,2.0,-42.0,-32.0,12.0,-24.8,28021.43,28021.43
2020-04-26,USA,United States,28799.0,0.0,-42.0,-16.0,-11.0,-48.0,-36.0,11.0,-30.6,29309.29,29309.29
2020-04-27,USA,United States,29051.0,0.0,-35.0,-13.0,-4.0,-48.0,-46.0,18.0,-29.2,29309.29,29309.29
2020-04-28,USA,United States,29339.0,0.0,-34.0,-10.0,6.0,-45.0,-48.0,12.0,-26.2,29309.29,29309.29
2020-04-29,USA,United States,29451.0,0.0,-34.0,-11.0,-7.0,-46.0,-47.0,19.0,-29.0,29309.29,29309.29
2020-04-30,USA,United States,29379.0,0.0,-34.0,-9.0,-7.0,-47.0,-47.0,19.0,-28.8,29309.29,29309.29
2020-05-01,USA,United States,29117.0,0.0,-32.0,-7.0,7.0,-43.0,-45.0,18.0,-24.0,29309.29,29309.29
2020-05-02,USA,United States,28928.0,0.0,-34.0,-4.0,28.0,-35.0,-29.0,10.0,-14.8,29309.29,29309.29
2020-05-03,USA,United States,28729.0,0.0,-34.0,-8.0,22.0,-40.0,-31.0,8.0,-18.2,28348.0,28348.0
2020-05-04,USA,United States,28541.0,0.0,-29.0,-7.0,5.0,-44.0,-44.0,16.0,-23.8,28348.0,28348.0
2020-05-05,USA,United States,28580.0,0.0,-28.0,-3.0,5.0,-43.0,-45.0,17.0,-22.8,28348.0,28348.0
2020-05-06,USA,United States,28433.0,0.0,-29.0,-6.0,6.0,-43.0,-44.0,17.0,-23.2,28348.0,28348.0
2020-05-07,USA,United States,28176.0,0.0,-29.0,-3.0,21.0,-42.0,-44.0,17.0,-19.4,28348.0,28348.0
2020-05-08,USA,United States,27884.0,0.0,-32.0,-5.0,-2.0,-43.0,-43.0,18.0,-25.0,28348.0,28348.0
2020-05-09,USA,United States,27431.0,0.0,-30.0,7.0,9.0,-35.0,-26.0,9.0,-15.0,28348.0,28348.0
2020-05-10,USA,United States,26952.0,0.0,-30.0,1.0,6.0,-37.0,-27.0,7.0,-17.4,26035.14,26035.14
2020-05-11,USA,United States,26499.0,0.0,-31.0,-11.0,-3.0,-44.0,-42.0,16.0,-26.2,26035.14,26035.14
2020-05-12,USA,United States,26285.0,0.0,-28.0,-6.0,10.0,-41.0,-43.0,16.0,-21.6,26035.14,26035.14
2020-05-13,USA,United States,26008.0,0.0,-26.0,-5.0,18.0,-40.0,-42.0,16.0,-19.0,26035.14,26035.14
2020-05-14,USA,United States,25766.0,0.0,-28.0,-5.0,17.0,-42.0,-43.0,17.0,-20.2,26035.14,26035.14
2020-05-15,USA,United States,25657.0,0.0,-29.0,-7.0,21.0,-40.0,-42.0,16.0,-19.4,26035.14,26035.14
2020-05-16,USA,United States,25287.0,0.0,-30.0,-3.0,32.0,-34.0,-24.0,9.0,-11.8,26035.14,26035.14
2020-05-17,USA,United States,24895.0,0.0,-30.0,-8.0,17.0,-39.0,-25.0,8.0,-17.0,24147.43,24147.43
2020-05-18,USA,United States,24526.0,0.0,-26.0,-8.0,2.0,-43.0,-40.0,15.0,-23.0,24147.43,24147.43
2020-05-19,USA,United States,24255.0,0.0,-24.0,-4.0,15.0,-40.0,-41.0,15.0,-18.8,24147.43,24147.43
2020-05-20,USA,United States,24053.0,0.0,-22.0,-3.0,23.0,-38.0,-41.0,15.0,-16.2,24147.43,24147.43
2020-05-21,USA,United States,23974.0,0.0,-22.0,-1.0,31.0,-37.0,-41.0,15.0,-14.0,24147.43,24147.43
2020-05-22,USA,United States,24070.0,0.0,-24.0,-2.0,31.0,-36.0,-41.0,15.0,-14.4,24147.43,24147.43
2020-05-23,USA,United States,23994.0,0.0,-27.0,0.0,43.0,-30.0,-21.0,7.0,-7.0,24147.43,24147.43
2020-05-24,USA,United States,23914.0,0.0,-25.0,-2.0,57.0,-33.0,-24.0,5.0,-5.4,23760.71,23760.71
2020-05-25,USA,United States,23838.0,0.0,-28.0,-8.0,60.0,-48.0,-72.0,20.0,-19.2,23760.71,23760.71
2020-05-26,USA,United States,24014.0,0.0,-22.0,-3.0,28.0,-37.0,-39.0,14.0,-14.6,23760.71,23760.71
2020-05-27,USA,United States,23915.0,0.0,-21.0,-4.0,32.0,-37.0,-38.0,14.0,-13.6,23760.71,23760.71
2020-05-28,USA,United States,23616.0,0.0,-21.0,-2.0,26.0,-37.0,-38.0,14.0,-14.4,23760.71,23760.71
2020-05-29,USA,United States,23191.0,0.0,-23.0,-5.0,29.0,-36.0,-37.0,14.0,-14.4,23760.71,23760.71
2020-05-30,USA,United States,22635.0,0.0,-24.0,-1.0,48.0,-26.0,-12.0,6.0,-3.0,23760.71,23760.71
2020-05-31,USA,United States,22045.0,0.0,-23.0,-4.0,47.0,-30.0,-16.0,5.0,-5.2,20919.43,20919.43
2020-06-01,USA,United States,21489.0,0.0,-18.0,-2.0,28.0,-36.0,-37.0,12.0,-13.0,20919.43,20919.43
2020-06-02,USA,United States,20992.0,0.0,-18.0,0.0,35.0,-36.0,-37.0,13.0,-11.2,20919.43,20919.43
2020-06-03,USA,United States,20711.0,0.0,-16.0,1.0,33.0,-35.0,-37.0,13.0,-10.8,20919.43,20919.43
2020-06-04,USA,United States,20700.0,0.0,-18.0,1.0,40.0,-35.0,-37.0,13.0,-9.8,20919.43,20919.43
2020-06-05,USA,United States,21015.0,0.0,-20.0,-2.0,34.0,-34.0,-36.0,13.0,-11.6,20919.43,20919.43
2020-06-06,USA,United States,21109.0,0.0,-21.0,1.0,51.0,-25.0,-13.0,5.0,-1.4,20919.43,20919.43
2020-06-07,USA,United States,21208.0,0.0,-19.0,-2.0,53.0,-28.0,-16.0,4.0,-2.4,21397.14,21397.14
2020-06-08,USA,United States,21301.0,0.0,-16.0,-2.0,39.0,-34.0,-36.0,11.0,-9.8,21397.14,21397.14
2020-06-09,USA,United States,21353.0,0.0,-16.0,-1.0,36.0,-34.0,-36.0,12.0,-10.2,21397.14,21397.14
2020-06-10,USA,United States,21408.0,0.0,-14.0,-1.0,40.0,-33.0,-36.0,12.0,-8.8,21397.14,21397.14
2020-06-11,USA,United States,21449.0,0.0,-15.0,0.0,49.0,-33.0,-36.0,12.0,-7.0,21397.14,21397.14
2020-06-12,USA,United States,21457.0,0.0,-17.0,-1.0,57.0,-30.0,-35.0,11.0,-5.2,21397.14,21397.14
2020-06-13,USA,United States,21516.0,0.0,-18.0,2.0,74.0,-20.0,-10.0,4.0,5.6,21397.14,21397.14
2020-06-14,USA,United States,21578.0,0.0,-16.0,-2.0,68.0,-23.0,-13.0,3.0,2.8,21696.57,21696.57
2020-06-15,USA,United States,21637.0,0.0,-14.0,-2.0,45.0,-32.0,-35.0,11.0,-7.6,21696.57,21696.57
2020-06-16,USA,United States,21347.0,0.0,-13.0,1.0,57.0,-31.0,-36.0,11.0,-4.4,21696.57,21696.57
2020-06-17,USA,United States,21462.0,0.0,-12.0,0.0,58.0,-31.0,-36.0,11.0,-4.2,21696.57,21696.57
2020-06-18,USA,United States,21881.0,0.0,-13.0,1.0,59.0,-31.0,-36.0,11.0,-4.0,21696.57,21696.57
2020-06-19,USA,United States,22503.0,0.0,-15.0,0.0,60.0,-28.0,-36.0,9.0,-3.8,21696.57,21696.57
2020-06-20,USA,United States,23290.0,0.0,-17.0,6.0,69.0,-20.0,-11.0,3.0,5.4,21696.57,21696.57
2020-06-21,USA,United States,24124.0,0.0,-17.0,2.0,59.0,-23.0,-13.0,2.0,1.6,25717.29,25717.29
2020-06-22,USA,United States,24911.0,0.0,-16.0,-5.0,43.0,-32.0,-38.0,11.0,-9.6,25717.29,25717.29
2020-06-23,USA,United States,24620.0,0.0,-13.0,0.0,54.0,-30.0,-38.0,11.0,-5.4,25717.29,25717.29
2020-06-24,USA,United States,25267.0,0.0,-12.0,-1.0,57.0,-30.0,-36.0,11.0,-4.4,25717.29,25717.29
2020-06-25,USA,United States,26498.0,0.0,-13.0,1.0,64.0,-29.0,-36.0,11.0,-2.6,25717.29,25717.29
2020-06-26,USA,United States,27958.0,0.0,-17.0,-3.0,57.0,-28.0,-36.0,11.0,-5.4,25717.29,25717.29
2020-06-27,USA,United States,30147.0,0.0,-19.0,-1.0,62.0,-20.0,-12.0,4.0,2.0,25717.29,25717.29
2020-06-28,USA,United States,32467.0,0.0,-17.0,-4.0,55.0,-22.0,-12.0,3.0,0.0,36896.86,36896.86
2020-06-29,USA,United States,34656.0,0.0,-13.0,-3.0,46.0,-31.0,-36.0,10.0,-7.4,36896.86,36896.86
2020-06-30,USA,United States,35448.0,0.0,-10.0,1.0,50.0,-30.0,-37.0,11.0,-5.2,36896.86,36896.86
2020-07-01,USA,United States,36846.0,0.0,-7.0,4.0,54.0,-27.0,-37.0,10.0,-2.6,36896.86,36896.86
2020-07-02,USA,United States,38310.0,0.0,-4.0,11.0,77.0,-24.0,-39.0,10.0,4.2,36896.86,36896.86
2020-07-03,USA,United States,39299.0,0.0,-10.0,11.0,86.0,-30.0,-57.0,14.0,0.0,36896.86,36896.86
2020-07-04,USA,United States,41646.0,0.0,-35.0,-2.0,81.0,-30.0,-28.0,5.0,-2.8,36896.86,36896.86
2020-07-05,USA,United States,44132.0,0.0,-22.0,-10.0,53.0,-23.0,-19.0,3.0,-4.2,48880.86,48880.86
2020-07-06,USA,United States,46478.0,0.0,-13.0,-2.0,48.0,-30.0,-41.0,11.0,-7.6,48880.86,48880.86
2020-07-07,USA,United States,47806.0,0.0,-13.0,0.0,51.0,-29.0,-39.0,11.0,-6.0,48880.86,48880.86
2020-07-08,USA,United States,49185.0,0.0,-12.0,-1.0,52.0,-30.0,-37.0,11.0,-5.6,48880.86,48880.86
2020-07-09,USA,United States,50170.0,0.0,-13.0,1.0,59.0,-30.0,-38.0,11.0,-4.2,48880.86,48880.86
2020-07-10,USA,United States,50314.0,0.0,-18.0,-4.0,43.0,-31.0,-37.0,11.0,-9.4,48880.86,48880.86
2020-07-11,USA,United States,51714.0,0.0,-19.0,0.0,62.0,-21.0,-12.0,4.0,2.0,48880.86,48880.86
2020-07-12,USA,United States,53197.0,0.0,-17.0,-3.0,64.0,-23.0,-15.0,3.0,1.2,56029.29,56029.29
2020-07-13,USA,United States,54596.0,0.0,-13.0,-2.0,53.0,-31.0,-38.0,10.0,-6.2,56029.29,56029.29
2020-07-14,USA,United States,54858.0,0.0,-12.0,0.0,59.0,-31.0,-38.0,11.0,-4.4,56029.29,56029.29
2020-07-15,USA,United States,55813.0,33760.0,-12.0,-1.0,56.0,-31.0,-37.0,11.0,-5.0,56029.29,56029.29
2020-07-16,USA,United States,57048.0,38539.0,-13.0,0.0,62.0,-31.0,-37.0,11.0,-3.8,56029.29,56029.29
2020-07-17,USA,United States,58150.0,40062.0,-17.0,-3.0,54.0,-29.0,-37.0,11.0,-6.4,56029.29,56029.29
2020-07-18,USA,United States,60222.0,40376.0,-19.0,-1.0,74.0,-21.0,-13.0,4.0,4.0,56029.29,56029.29
2020-07-19,USA,United States,62417.0,37897.0,-17.0,-4.0,60.0,-24.0,-16.0,3.0,-0.2,66609.57,66609.57
2020-07-20,USA,United States,64489.0,41140.0,-14.0,-4.0,51.0,-32.0,-38.0,10.0,-7.4,66609.57,66609.57
2020-07-21,USA,United States,66171.0,42195.0,-13.0,-2.0,54.0,-32.0,-38.0,11.0,-6.2,66609.57,66609.57
2020-07-22,USA,United States,67261.0,46107.0,-13.0,-3.0,47.0,-32.0,-37.0,11.0,-7.6,66609.57,66609.57
2020-07-23,USA,United States,67507.0,47834.0,-14.0,-2.0,55.0,-31.0,-37.0,11.0,-5.8,66609.57,66609.57
2020-07-24,USA,United States,66656.0,46748.0,-17.0,-4.0,55.0,-30.0,-37.0,11.0,-6.6,66609.57,66609.57
2020-07-25,USA,United States,66702.0,51831.0,-19.0,-2.0,77.0,-21.0,-13.0,4.0,4.4,66609.57,66609.57
2020-07-26,USA,United States,66750.0,43096.0,-17.0,-5.0,65.0,-24.0,-16.0,3.0,0.6,66843.0,66843.0
2020-07-27,USA,United States,66796.0,47165.0,-14.0,-4.0,48.0,-32.0,-38.0,10.0,-8.0,66843.0,66843.0
2020-07-28,USA,United States,67273.0,48115.0,-14.0,-3.0,53.0,-32.0,-38.0,11.0,-6.8,66843.0,66843.0
2020-07-29,USA,United States,67187.0,45617.0,-13.0,-3.0,56.0,-31.0,-38.0,10.0,-5.8,66843.0,66843.0
2020-07-30,USA,United States,66655.0,46832.0,-13.0,-2.0,56.0,-31.0,-38.0,11.0,-5.6,66843.0,66843.0
2020-07-31,USA,United States,65793.0,46150.0,-14.0,-2.0,56.0,-28.0,-37.0,10.0,-5.0,66843.0,66843.0
2020-08-01,USA,United States,64768.0,50419.0,-17.0,0.0,69.0,-20.0,-14.0,4.0,3.6,66843.0,66843.0
2020-08-02,USA,United States,63682.0,50238.0,-16.0,-4.0,52.0,-24.0,-17.0,3.0,-1.8,61607.14,61607.14
2020-08-03,USA,United States,62657.0,45291.0,-12.0,-1.0,47.0,-31.0,-38.0,10.0,-7.0,61607.14,61607.14
2020-08-04,USA,United States,62478.0,45134.0,-13.0,-3.0,48.0,-33.0,-39.0,11.0,-8.0,61607.14,61607.14
2020-08-05,USA,United States,61775.0,44663.0,-11.0,-2.0,61.0,-30.0,-37.0,10.0,-3.8,61607.14,61607.14
2020-08-06,USA,United States,60854.0,43891.0,-13.0,-2.0,62.0,-30.0,-37.0,10.0,-4.0,61607.14,61607.14
2020-08-07,USA,United States,60022.0,43210.0,-15.0,-5.0,57.0,-29.0,-37.0,10.0,-5.8,61607.14,61607.14
2020-08-08,USA,United States,58474.0,41593.0,-17.0,-1.0,79.0,-20.0,-13.0,3.0,5.6,61607.14,61607.14
2020-08-09,USA,United States,56834.0,41484.0,-15.0,-4.0,66.0,-22.0,-16.0,2.0,1.8,53701.29,53701.29
2020-08-10,USA,United States,55286.0,42072.0,-14.0,-5.0,47.0,-32.0,-38.0,9.0,-8.4,53701.29,53701.29
2020-08-11,USA,United States,54173.0,41645.0,-13.0,-3.0,57.0,-31.0,-38.0,10.0,-5.6,53701.29,53701.29
2020-08-12,USA,United States,53323.0,41817.0,-13.0,-4.0,51.0,-32.0,-37.0,10.0,-7.0,53701.29,53701.29
2020-08-13,USA,United States,52963.0,41240.0,-14.0,-3.0,53.0,-31.0,-37.0,10.0,-6.4,53701.29,53701.29
2020-08-14,USA,United States,53322.0,39980.0,-16.0,-5.0,53.0,-29.0,-37.0,10.0,-6.8,53701.29,53701.29
2020-08-15,USA,United States,52951.0,38699.0,-18.0,-2.0,67.0,-21.0,-14.0,3.0,2.4,53701.29,53701.29
2020-08-16,USA,United States,52559.0,38850.0,-16.0,-5.0,48.0,-24.0,-17.0,3.0,-2.8,51808.86,51808.86
2020-08-17,USA,United States,52188.0,39032.0,-15.0,-6.0,42.0,-32.0,-38.0,9.0,-9.8,51808.86,51808.86
2020-08-18,USA,United States,52446.0,38897.0,-14.0,-4.0,50.0,-32.0,-36.0,10.0,-7.2,51808.86,51808.86
2020-08-19,USA,United States,52111.0,38002.0,-14.0,-5.0,44.0,-32.0,-36.0,10.0,-8.6,51808.86,51808.86
2020-08-20,USA,United States,51385.0,37321.0,-14.0,-4.0,53.0,-31.0,-36.0,10.0,-6.4,51808.86,51808.86
2020-08-21,USA,United States,50466.0,35972.0,-16.0,-6.0,48.0,-29.0,-36.0,9.0,-7.8,51808.86,51808.86
2020-08-22,USA,United States,49155.0,34888.0,-17.0,-2.0,66.0,-21.0,-12.0,3.0,2.8,51808.86,51808.86
2020-08-23,USA,United States,47766.0,34609.0,-16.0,-5.0,50.0,-23.0,-15.0,3.0,-1.8,45112.57,45112.57
2020-08-24,USA,United States,46455.0,34791.0,-16.0,-7.0,32.0,-33.0,-36.0,10.0,-12.0,45112.57,45112.57
2020-08-25,USA,United States,45628.0,34479.0,-15.0,-4.0,37.0,-33.0,-37.0,10.0,-10.4,45112.57,45112.57
2020-08-26,USA,United States,44879.0,33624.0,-14.0,-5.0,42.0,-32.0,-35.0,10.0,-8.8,45112.57,45112.57
2020-08-27,USA,United States,44433.0,33285.0,-16.0,-6.0,41.0,-32.0,-36.0,10.0,-9.8,45112.57,45112.57
2020-08-28,USA,United States,44516.0,31898.0,-17.0,-8.0,37.0,-30.0,-35.0,9.0,-10.6,45112.57,45112.57
2020-08-29,USA,United States,43933.0,31178.0,-17.0,-4.0,49.0,-23.0,-13.0,4.0,-1.6,45112.57,45112.57
2020-08-30,USA,United States,43315.0,31075.0,-15.0,-6.0,59.0,-22.0,-15.0,2.0,0.2,42135.14,42135.14
2020-08-31,USA,United States,42732.0,31395.0,-15.0,-7.0,30.0,-32.0,-35.0,9.0,-11.8,42135.14,42135.14
2020-09-01,USA,United States,42249.0,31118.0,-12.0,-2.0,36.0,-31.0,-36.0,9.0,-9.0,42135.14,42135.14
2020-09-02,USA,United States,41945.0,30827.0,-13.0,-5.0,35.0,-32.0,-35.0,9.0,-10.0,42135.14,42135.14
2020-09-03,USA,United States,41887.0,30296.0,-11.0,-1.0,45.0,-28.0,-35.0,8.0,-6.0,42135.14,42135.14
2020-09-04,USA,United States,42144.0,29879.0,-13.0,-2.0,55.0,-25.0,-36.0,8.0,-4.2,42135.14,42135.14
2020-09-05,USA,United States,42153.0,28845.0,-15.0,0.0,81.0,-18.0,-17.0,2.0,6.2,42135.14,42135.14
2020-09-06,USA,United States,42162.0,28369.0,-13.0,-3.0,81.0,-24.0,-18.0,1.0,4.6,42179.0,42179.0
2020-09-07,USA,United States,42170.0,28589.0,-16.0,-7.0,75.0,-40.0,-71.0,16.0,-11.8,42179.0,42179.0
2020-09-08,USA,United States,42772.0,28951.0,-16.0,-5.0,24.0,-31.0,-37.0,9.0,-13.0,42179.0,42179.0
2020-09-09,USA,United States,42628.0,28775.0,-16.0,-7.0,24.0,-32.0,-35.0,9.0,-13.2,42179.0,42179.0
2020-09-10,USA,United States,41902.0,28065.0,-16.0,-6.0,27.0,-32.0,-35.0,9.0,-12.4,42179.0,42179.0
2020-09-11,USA,United States,40758.0,27368.0,-17.0,-8.0,35.0,-30.0,-33.0,8.0,-10.6,42179.0,42179.0
2020-09-12,USA,United States,39369.0,26512.0,-16.0,-4.0,50.0,-22.0,-12.0,3.0,-0.8,42179.0,42179.0
2020-09-13,USA,United States,37898.0,26329.0,-16.0,-6.0,38.0,-25.0,-15.0,3.0,-4.8,35088.71,35088.71
2020-09-14,USA,United States,36510.0,26788.0,-16.0,-7.0,30.0,-33.0,-32.0,8.0,-11.6,35088.71,35088.71
2020-09-15,USA,United States,34946.0,26935.0,-14.0,-5.0,36.0,-32.0,-33.0,9.0,-9.6,35088.71,35088.71
2020-09-16,USA,United States,34325.0,26372.0,-15.0,-8.0,36.0,-32.0,-33.0,9.0,-10.4,35088.71,35088.71
2020-09-17,USA,United States,34694.0,26085.0,-16.0,-7.0,34.0,-32.0,-33.0,9.0,-10.8,35088.71,35088.71
2020-09-18,USA,United States,36101.0,25833.0,-15.0,-7.0,35.0,-30.0,-32.0,8.0,-9.8,35088.71,35088.71
2020-09-19,USA,United States,37090.0,25480.0,-13.0,-2.0,62.0,-21.0,-11.0,2.0,3.0,35088.71,35088.71
2020-09-20,USA,United States,38138.0,25543.0,-14.0,-6.0,46.0,-24.0,-14.0,2.0,-2.4,40139.57,40139.57
2020-09-21,USA,United States,39127.0,26379.0,-16.0,-8.0,25.0,-33.0,-33.0,9.0,-13.0,40139.57,40139.57
2020-09-22,USA,United States,39654.0,26440.0,-15.0,-6.0,28.0,-34.0,-33.0,9.0,-12.0,40139.57,40139.57
2020-09-23,USA,United States,40243.0,26484.0,-15.0,-7.0,27.0,-33.0,-32.0,9.0,-12.0,40139.57,40139.57
2020-09-24,USA,United States,40698.0,26407.0,-16.0,-7.0,25.0,-33.0,-32.0,9.0,-12.6,40139.57,40139.57
2020-09-25,USA,United States,40821.0,26275.0,-16.0,-8.0,25.0,-31.0,-31.0,8.0,-12.2,40139.57,40139.57
2020-09-26,USA,United States,41487.0,25904.0,-15.0,-3.0,52.0,-23.0,-10.0,2.0,0.2,40139.57,40139.57
2020-09-27,USA,United States,42192.0,25970.0,-15.0,-7.0,35.0,-25.0,-13.0,2.0,-5.0,43539.14,43539.14
2020-09-28,USA,United States,42858.0,27021.0,-17.0,-8.0,12.0,-35.0,-32.0,9.0,-16.0,43539.14,43539.14
2020-09-29,USA,United States,43481.0,27505.0,-16.0,-7.0,11.0,-35.0,-32.0,9.0,-15.8,43539.14,43539.14
2020-09-30,USA,United States,43811.0,27669.0,-14.0,-5.0,17.0,-33.0,-32.0,8.0,-13.4,43539.14,43539.14
2020-10-01,USA,United States,43788.0,27478.0,-13.0,-2.0,21.0,-31.0,-30.0,8.0,-11.0,43539.14,43539.14
2020-10-02,USA,United States,43355.0,27407.0,-14.0,-5.0,18.0,-29.0,-30.0,8.0,-12.0,43539.14,43539.14
2020-10-03,USA,United States,43175.0,27271.0,-13.0,-1.0,42.0,-20.0,-11.0,2.0,-0.6,43539.14,43539.14
2020-10-04,USA,United States,42985.0,27871.0,-14.0,-5.0,25.0,-24.0,-14.0,2.0,-6.4,42621.14,42621.14
2020-10-05,USA,United States,42805.0,28956.0,-15.0,-5.0,15.0,-32.0,-32.0,8.0,-13.8,42621.14,42621.14
2020-10-06,USA,United States,42227.0,29999.0,-15.0,-4.0,25.0,-32.0,-32.0,8.0,-11.6,42621.14,42621.14
2020-10-07,USA,United States,42241.0,30543.0,-15.0,-6.0,24.0,-33.0,-31.0,8.0,-12.2,42621.14,42621.14
2020-10-08,USA,United States,42747.0,31015.0,-15.0,-5.0,29.0,-31.0,-31.0,9.0,-10.6,42621.14,42621.14
2020-10-09,USA,United States,43649.0,31207.0,-16.0,-7.0,30.0,-29.0,-31.0,8.0,-10.6,42621.14,42621.14
2020-10-10,USA,United States,44653.0,30981.0,-16.0,-4.0,46.0,-22.0,-11.0,3.0,-1.4,42621.14,42621.14
2020-10-11,USA,United States,45718.0,31435.0,-16.0,-7.0,25.0,-25.0,-14.0,3.0,-7.4,47749.86,47749.86
2020-10-12,USA,United States,46722.0,32780.0,-17.0,-9.0,9.0,-36.0,-37.0,10.0,-18.0,47749.86,47749.86
2020-10-13,USA,United States,46907.0,33508.0,-17.0,-6.0,18.0,-33.0,-32.0,9.0,-14.0,47749.86,47749.86
2020-10-14,USA,United States,47593.0,33936.0,-14.0,-6.0,25.0,-31.0,-30.0,9.0,-11.2,47749.86,47749.86
2020-10-15,USA,United States,48482.0,34388.0,-15.0,-5.0,23.0,-30.0,-31.0,9.0,-11.6,47749.86,47749.86
2020-10-16,USA,United States,49279.0,34641.0,-17.0,-8.0,8.0,-30.0,-31.0,9.0,-15.6,47749.86,47749.86
2020-10-17,USA,United States,50772.0,34322.0,-14.0,-3.0,41.0,-20.0,-11.0,3.0,-1.4,47749.86,47749.86
2020-10-18,USA,United States,52354.0,35016.0,-16.0,-7.0,18.0,-23.0,-14.0,3.0,-8.4,55376.29,55376.29
2020-10-19,USA,United States,53847.0,36432.0,-18.0,-9.0,4.0,-33.0,-31.0,9.0,-17.4,55376.29,55376.29
2020-10-20,USA,United States,54333.0,37414.0,-17.0,-7.0,10.0,-32.0,-31.0,9.0,-15.4,55376.29,55376.29
2020-10-21,USA,United States,55301.0,38105.0,-16.0,-7.0,13.0,-32.0,-30.0,9.0,-14.4,55376.29,55376.29
2020-10-22,USA,United States,56366.0,38849.0,-16.0,-6.0,20.0,-31.0,-30.0,9.0,-12.6,55376.29,55376.29
2020-10-23,USA,United States,57146.0,39080.0,-17.0,-8.0,10.0,-30.0,-30.0,9.0,-15.0,55376.29,55376.29
2020-10-24,USA,United States,58875.0,39341.0,-16.0,-4.0,28.0,-23.0,-10.0,3.0,-5.0,55376.29,55376.29
2020-10-25,USA,United States,60707.0,39986.0,-18.0,-8.0,1.0,-27.0,-15.0,4.0,-13.4,64205.43,64205.43
2020-10-26,USA,United States,62435.0,41336.0,-19.0,-9.0,-9.0,-34.0,-31.0,10.0,-20.4,64205.43,64205.43
2020-10-27,USA,United States,62537.0,42272.0,-17.0,-7.0,1.0,-33.0,-31.0,10.0,-17.4,64205.43,64205.43
2020-10-28,USA,United States,63772.0,43487.0,-16.0,-7.0,-2.0,-34.0,-30.0,10.0,-17.8,64205.43,64205.43
2020-10-29,USA,United States,65569.0,44166.0,-17.0,-7.0,-6.0,-35.0,-31.0,10.0,-19.2,64205.43,64205.43
2020-10-30,USA,United States,67354.0,45075.0,-14.0,-4.0,1.0,-32.0,-30.0,8.0,-15.8,64205.43,64205.43
2020-10-31,USA,United States,70430.0,45049.0,-16.0,2.0,27.0,-23.0,-10.0,3.0,-4.0,64205.43,64205.43
2020-11-01,USA,United States,73689.0,46054.0,-18.0,-9.0,-5.0,-29.0,-15.0,4.0,-15.2,79913.43,79913.43
2020-11-02,USA,United States,76765.0,47938.0,-17.0,-7.0,-6.0,-35.0,-31.0,9.0,-19.2,79913.43,79913.43
2020-11-03,USA,United States,76525.0,49028.0,-11.0,-2.0,14.0,-34.0,-33.0,9.0,-13.2,79913.43,79913.43
2020-11-04,USA,United States,78828.0,50468.0,-18.0,-10.0,4.0,-36.0,-30.0,10.0,-18.0,79913.43,79913.43
2020-11-05,USA,United States,82538.0,51790.0,-18.0,-8.0,7.0,-34.0,-30.0,10.0,-16.6,79913.43,79913.43
2020-11-06,USA,United States,86520.0,52843.0,-18.0,-10.0,6.0,-33.0,-29.0,9.0,-16.8,79913.43,79913.43
2020-11-07,USA,United States,92973.0,53822.0,-16.0,-6.0,23.0,-27.0,-10.0,4.0,-7.2,79913.43,79913.43
2020-11-08,USA,United States,99811.0,55716.0,-17.0,-9.0,13.0,-29.0,-14.0,4.0,-11.2,112870.57,112870.57
2020-11-09,USA,United States,106264.0,58475.0,-19.0,-9.0,-3.0,-36.0,-31.0,10.0,-19.6,112870.57,112870.57
2020-11-10,USA,United States,108990.0,61421.0,-18.0,-7.0,-2.0,-35.0,-31.0,10.0,-18.6,112870.57,112870.57
2020-11-11,USA,United States,113014.0,63328.0,-15.0,-8.0,-10.0,-39.0,-38.0,12.0,-22.0,112870.57,112870.57
2020-11-12,USA,United States,116852.0,65219.0,-20.0,-9.0,-12.0,-37.0,-32.0,11.0,-22.0,112870.57,112870.57
2020-11-13,USA,United States,119021.0,66128.0,-19.0,-9.0,-11.0,-35.0,-30.0,11.0,-20.8,112870.57,112870.57
2020-11-14,USA,United States,125028.0,67220.0,-18.0,-6.0,2.0,-29.0,-10.0,5.0,-12.2,112870.57,112870.57
2020-11-15,USA,United States,131392.0,69518.0,-19.0,-9.0,-8.0,-32.0,-15.0,5.0,-16.6,143549.29,143549.29
2020-11-16,USA,United States,137399.0,73100.0,-20.0,-8.0,-10.0,-37.0,-31.0,10.0,-21.2,143549.29,143549.29
2020-11-17,USA,United States,140288.0,75499.0,-20.0,-7.0,-12.0,-37.0,-32.0,11.0,-21.6,143549.29,143549.29
2020-11-18,USA,United States,143946.0,77320.0,-19.0,-7.0,-13.0,-37.0,-32.0,11.0,-21.6,143549.29,143549.29
2020-11-19,USA,United States,147090.0,78344.0,-19.0,-6.0,-6.0,-36.0,-31.0,11.0,-19.6,143549.29,143549.29
2020-11-20,USA,United States,148436.0,79739.0,-20.0,-8.0,-5.0,-33.0,-30.0,11.0,-19.2,143549.29,143549.29
2020-11-21,USA,United States,153209.0,79864.0,-20.0,-4.0,4.0,-26.0,-10.0,5.0,-11.2,143549.29,143549.29
2020-11-22,USA,United States,158266.0,81798.0,-20.0,-7.0,-13.0,-32.0,-14.0,5.0,-17.2,167926.14,167926.14
2020-11-23,USA,United States,163039.0,84179.0,-16.0,-2.0,-12.0,-37.0,-35.0,11.0,-20.4,167926.14,167926.14
2020-11-24,USA,United States,167117.0,86042.0,-12.0,6.0,-9.0,-33.0,-36.0,11.0,-16.8,167926.14,167926.14
2020-11-25,USA,United States,169578.0,87127.0,-3.0,23.0,-7.0,-30.0,-40.0,10.0,-11.4,167926.14,167926.14
2020-11-26,USA,United States,169898.0,86555.0,-70.0,-30.0,-13.0,-60.0,-81.0,23.0,-50.8,167926.14,167926.14
2020-11-27,USA,United States,167551.0,88105.0,-26.0,-20.0,2.0,-47.0,-60.0,19.0,-30.2,167926.14,167926.14
2020-11-28,USA,United States,167186.0,89606.0,-26.0,-15.0,-1.0,-32.0,-18.0,7.0,-18.4,167926.14,167926.14
2020-11-29,USA,United States,166798.0,92453.0,-23.0,-15.0,-12.0,-28.0,-16.0,6.0,-18.8,166057.29,166057.29
2020-11-30,USA,United States,166432.0,95096.0,-21.0,-12.0,-27.0,-39.0,-34.0,12.0,-26.6,166057.29,166057.29
2020-12-01,USA,United States,164710.0,96674.0,-18.0,-5.0,-18.0,-36.0,-33.0,11.0,-22.0,166057.29,166057.29
2020-12-02,USA,United States,164874.0,97842.0,-19.0,-8.0,-16.0,-38.0,-32.0,11.0,-22.6,166057.29,166057.29
2020-12-03,USA,United States,166571.0,97853.0,-18.0,-5.0,-13.0,-37.0,-32.0,11.0,-21.0,166057.29,166057.29
2020-12-04,USA,United States,169452.0,98143.0,-20.0,-9.0,-17.0,-38.0,-30.0,12.0,-22.8,166057.29,166057.29
2020-12-05,USA,United States,172767.0,97247.0,-20.0,-6.0,-9.0,-33.0,-9.0,6.0,-15.4,166057.29,166057.29
2020-12-06,USA,United States,176280.0,98654.0,-20.0,-9.0,-14.0,-35.0,-14.0,5.0,-18.4,182990.29,182990.29
2020-12-07,USA,United States,179596.0,101028.0,-21.0,-9.0,-22.0,-40.0,-33.0,11.0,-25.0,182990.29,182990.29
2020-12-08,USA,United States,180071.0,102304.0,-20.0,-8.0,-18.0,-40.0,-32.0,11.0,-23.6,182990.29,182990.29
2020-12-09,USA,United States,182370.0,104371.0,-19.0,-8.0,-12.0,-39.0,-32.0,11.0,-22.0,182990.29,182990.29
2020-12-10,USA,United States,185473.0,105048.0,-19.0,-6.0,-9.0,-38.0,-32.0,11.0,-20.8,182990.29,182990.29
2020-12-11,USA,United States,188361.0,105653.0,-21.0,-9.0,-16.0,-38.0,-31.0,12.0,-23.0,182990.29,182990.29
2020-12-12,USA,United States,193608.0,105358.0,-20.0,-5.0,-11.0,-32.0,-10.0,6.0,-15.6,182990.29,182990.29
2020-12-13,USA,United States,199166.0,107402.0,-21.0,-8.0,-16.0,-35.0,-15.0,6.0,-19.0,209783.14,209783.14
2020-12-14,USA,United States,204412.0,109689.0,-20.0,-8.0,-28.0,-41.0,-33.0,11.0,-26.0,209783.14,209783.14
2020-12-15,USA,United States,208129.0,110996.0,-17.0,-2.0,-21.0,-38.0,-33.0,11.0,-22.2,209783.14,209783.14
2020-12-16,USA,United States,211025.0,111997.0,-20.0,-6.0,-27.0,-41.0,-34.0,13.0,-25.6,209783.14,209783.14
2020-12-17,USA,United States,212311.0,112445.0,-22.0,-9.0,-24.0,-43.0,-37.0,14.0,-27.0,209783.14,209783.14
2020-12-18,USA,United States,211199.0,112114.0,-19.0,-7.0,-22.0,-36.0,-32.0,12.0,-23.2,209783.14,209783.14
2020-12-19,USA,United States,212582.0,111037.0,-18.0,-2.0,-16.0,-25.0,-10.0,6.0,-14.2,209783.14,209783.14
2020-12-20,USA,United States,214048.0,112401.0,-17.0,-4.0,-19.0,-29.0,-13.0,5.0,-16.4,216846.86,216846.86
2020-12-21,USA,United States,215431.0,114649.0,-8.0,3.0,-9.0,-35.0,-37.0,10.0,-17.2,216846.86,216846.86
2020-12-22,USA,United States,218459.0,117528.0,-5.0,10.0,-6.0,-33.0,-38.0,10.0,-14.4,216846.86,216846.86
2020-12-23,USA,United States,218710.0,118106.0,2.0,24.0,-8.0,-30.0,-40.0,10.0,-10.4,216846.86,216846.86
2020-12-24,USA,United States,216546.0,116274.0,-16.0,27.0,-21.0,-43.0,-61.0,16.0,-22.8,216846.86,216846.86
2020-12-25,USA,United States,212328.0,113496.0,-82.0,-61.0,-38.0,-67.0,-83.0,27.0,-66.2,216846.86,216846.86
2020-12-26,USA,United States,207913.0,115521.0,-31.0,-18.0,-21.0,-37.0,-26.0,9.0,-26.6,216846.86,216846.86
2020-12-27,USA,United States,203237.0,118988.0,-27.0,-18.0,-12.0,-31.0,-18.0,7.0,-21.2,194303.14,194303.14
2020-12-28,USA,United States,198822.0,121425.0,-17.0,-9.0,-12.0,-40.0,-44.0,14.0,-24.4,194303.14,194303.14
2020-12-29,USA,United States,194946.0,122665.0,-17.0,-6.0,-8.0,-39.0,-45.0,14.0,-23.0,194303.14,194303.14
2020-12-30,USA,United States,192697.0,123922.0,-13.0,0.0,-11.0,-37.0,-44.0,14.0,-21.0,194303.14,194303.14
2020-12-31,USA,United States,192530.0,123347.0,-9.0,19.0,-12.0,-42.0,-52.0,15.0,-19.2,194303.14,194303.14
2021-01-01,USA,United States,194901.0,121053.0,-47.0,-37.0,-21.0,-62.0,-75.0,27.0,-48.4,194303.14,194303.14
2021-01-02,USA,United States,195485.0,122668.0,-26.0,-13.0,-14.0,-33.0,-21.0,9.0,-21.4,194303.14,194303.14
2021-01-03,USA,United States,196103.0,125595.0,-27.0,-16.0,-24.0,-33.0,-17.0,7.0,-23.4,197285.0,197285.0
2021-01-04,USA,United States,196687.0,127427.0,-19.0,-8.0,-23.0,-39.0,-34.0,12.0,-24.6,197285.0,197285.0
2021-01-05,USA,United States,193736.0,128859.0,-20.0,-6.0,-20.0,-39.0,-34.0,12.0,-23.8,197285.0,197285.0
2021-01-06,USA,United States,194900.0,129800.0,-22.0,-11.0,-22.0,-41.0,-33.0,13.0,-25.8,197285.0,197285.0
2021-01-07,USA,United States,199155.0,128814.0,-24.0,-10.0,-22.0,-41.0,-33.0,13.0,-26.0,197285.0,197285.0
2021-01-08,USA,United States,205480.0,127888.0,-26.0,-14.0,-29.0,-42.0,-32.0,13.0,-28.6,197285.0,197285.0
2021-01-09,USA,United States,213484.0,126420.0,-23.0,-9.0,-20.0,-35.0,-12.0,8.0,-19.8,197285.0,197285.0
2021-01-10,USA,United States,221965.0,126533.0,-26.0,-13.0,-22.0,-38.0,-17.0,7.0,-23.2,238164.43,238164.43
2021-01-11,USA,United States,229969.0,127641.0,-25.0,-12.0,-28.0,-42.0,-33.0,12.0,-28.0,238164.43,238164.43
2021-01-12,USA,United States,237470.0,127090.0,-23.0,-10.0,-22.0,-41.0,-33.0,12.0,-25.8,238164.43,238164.43
2021-01-13,USA,United States,241431.0,126556.0,-23.0,-12.0,-18.0,-41.0,-33.0,12.0,-25.4,238164.43,238164.43
2021-01-14,USA,United States,241158.0,133263.0,-25.0,-13.0,-17.0,-41.0,-33.0,12.0,-25.8,238164.43,238164.43
2021-01-15,USA,United States,235954.0,123785.0,-27.0,-16.0,-25.0,-41.0,-33.0,13.0,-28.4,238164.43,238164.43
2021-01-16,USA,United States,233794.0,121134.0,-25.0,-12.0,-14.0,-36.0,-14.0,7.0,-20.2,238164.43,238164.43
2021-01-17,USA,United States,231506.0,120830.0,-25.0,-15.0,-11.0,-38.0,-18.0,6.0,-21.4,227136.43,227136.43
2021-01-18,USA,United States,229347.0,120422.0,-22.0,-14.0,-8.0,-44.0,-46.0,14.0,-26.8,227136.43,227136.43
2021-01-19,USA,United States,231459.0,119384.0,-26.0,-12.0,-23.0,-42.0,-34.0,12.0,-27.4,227136.43,227136.43
2021-01-20,USA,United States,229356.0,117115.0,-26.0,-16.0,-22.0,-43.0,-33.0,12.0,-28.0,227136.43,227136.43
2021-01-21,USA,United States,224376.0,114097.0,-26.0,-13.0,-19.0,-42.0,-32.0,12.0,-26.4,227136.43,227136.43
2021-01-22,USA,United States,217855.0,111831.0,-26.0,-14.0,-25.0,-41.0,-31.0,12.0,-27.4,227136.43,227136.43
2021-01-23,USA,United States,208789.0,108122.0,-25.0,-12.0,-19.0,-38.0,-13.0,7.0,-21.4,227136.43,227136.43
2021-01-24,USA,United States,199184.0,107004.0,-28.0,-16.0,-28.0,-40.0,-17.0,7.0,-25.8,180837.29,180837.29
2021-01-25,USA,United States,190119.0,106268.0,-28.0,-16.0,-31.0,-44.0,-33.0,12.0,-30.4,180837.29,180837.29
2021-01-26,USA,United States,185036.0,104627.0,-28.0,-17.0,-27.0,-44.0,-35.0,13.0,-30.2,180837.29,180837.29
2021-01-27,USA,United States,179697.0,102636.0,-25.0,-15.0,-27.0,-42.0,-33.0,12.0,-28.4,180837.29,180837.29
2021-01-28,USA,United States,175835.0,100050.0,-26.0,-14.0,-27.0,-42.0,-32.0,12.0,-28.2,180837.29,180837.29
2021-01-29,USA,United States,175189.0,96109.0,-25.0,-15.0,-29.0,-42.0,-31.0,12.0,-28.4,180837.29,180837.29
2021-01-30,USA,United States,169672.0,92546.0,-22.0,-8.0,-15.0,-36.0,-12.0,6.0,-18.6,180837.29,180837.29
2021-01-31,USA,United States,163826.0,91436.0,-27.0,-16.0,-22.0,-39.0,-18.0,7.0,-24.4,152660.71,152660.71
2021-02-01,USA,United States,158309.0,90582.0,-29.0,-19.0,-33.0,-49.0,-37.0,14.0,-33.4,152660.71,152660.71
2021-02-02,USA,United States,156311.0,89004.0,-26.0,-15.0,-25.0,-45.0,-36.0,13.0,-29.4,152660.71,152660.71
2021-02-03,USA,United States,152788.0,87279.0,-20.0,-9.0,-20.0,-40.0,-31.0,11.0,-24.0,152660.71,152660.71
2021-02-04,USA,United States,149100.0,84602.0,-23.0,-11.0,-21.0,-40.0,-32.0,11.0,-25.4,152660.71,152660.71
2021-02-05,USA,United States,146607.0,82137.0,-24.0,-13.0,-24.0,-39.0,-30.0,11.0,-26.0,152660.71,152660.71
2021-02-06,USA,United States,140695.0,79111.0,-21.0,-6.0,-16.0,-34.0,-11.0,6.0,-17.6,152660.71,152660.71
2021-02-07,USA,United States,134430.0,77864.0,-31.0,-14.0,-30.0,-42.0,-17.0,6.0,-26.8,122464.29,122464.29
2021-02-08,USA,United States,128518.0,76870.0,-26.0,-15.0,-26.0,-41.0,-33.0,11.0,-28.2,122464.29,122464.29
2021-02-09,USA,United States,125899.0,75626.0,-25.0,-12.0,-24.0,-41.0,-33.0,12.0,-27.0,122464.29,122464.29
2021-02-10,USA,United States,122242.0,72845.0,-22.0,-10.0,-22.0,-40.0,-32.0,11.0,-25.2,122464.29,122464.29
2021-02-11,USA,United States,118874.0,70107.0,-26.0,-12.0,-31.0,-41.0,-34.0,13.0,-28.8,122464.29,122464.29
2021-02-12,USA,United States,117118.0,67536.0,-24.0,-10.0,-32.0,-39.0,-33.0,13.0,-27.6,122464.29,122464.29
2021-02-13,USA,United States,111896.0,64759.0,-23.0,-4.0,-31.0,-36.0,-15.0,8.0,-21.8,122464.29,122464.29
2021-02-14,USA,United States,106364.0,63297.0,-24.0,-10.0,-31.0,-39.0,-20.0,7.0,-24.8,95796.0,95796.0
2021-02-15,USA,United States,101142.0,62214.0,-34.0,-21.0,-32.0,-49.0,-52.0,18.0,-37.6,95796.0,95796.0
2021-02-16,USA,United States,99215.0,61504.0,-33.0,-17.0,-30.0,-45.0,-45.0,16.0,-34.0,95796.0,95796.0
2021-02-17,USA,United States,95890.0,62245.0,-27.0,-11.0,-27.0,-42.0,-39.0,13.0,-29.2,95796.0,95796.0
2021-02-18,USA,United States,92442.0,58308.0,-33.0,-19.0,-32.0,-46.0,-42.0,17.0,-34.4,95796.0,95796.0
2021-02-19,USA,United States,90152.0,56738.0,-26.0,-15.0,-32.0,-42.0,-35.0,14.0,-30.0,95796.0,95796.0
2021-02-20,USA,United States,84639.0,54401.0,-19.0,-8.0,-10.0,-31.0,-10.0,6.0,-15.6,95796.0,95796.0
2021-02-21,USA,United States,78798.0,53614.0,-19.0,-11.0,-12.0,-32.0,-13.0,5.0,-17.4,67640.71,67640.71
2021-02-22,USA,United States,73285.0,53026.0,-22.0,-13.0,-22.0,-39.0,-31.0,11.0,-25.4,67640.71,67640.71
2021-02-23,USA,United States,68849.0,51984.0,-18.0,-8.0,-8.0,-36.0,-31.0,10.0,-20.2,67640.71,67640.71
2021-02-24,USA,United States,65938.0,50956.0,-15.0,-8.0,-4.0,-35.0,-30.0,10.0,-18.4,67640.71,67640.71
2021-02-25,USA,United States,65234.0,49045.0,-17.0,-9.0,-10.0,-35.0,-30.0,10.0,-20.2,67640.71,67640.71
2021-02-26,USA,United States,67419.0,47227.0,-18.0,-11.0,-16.0,-34.0,-29.0,10.0,-21.6,67640.71,67640.71
2021-02-27,USA,United States,67203.0,45334.0,-15.0,-6.0,-1.0,-28.0,-10.0,5.0,-12.0,67640.71,67640.71
2021-02-28,USA,United States,66974.0,44872.0,-16.0,-10.0,-9.0,-29.0,-13.0,4.0,-15.4,66535.86,66535.86
2021-03-01,USA,United States,66757.0,43721.0,-17.0,-9.0,-18.0,-36.0,-30.0,9.0,-22.0,66535.86,66535.86
2021-03-02,USA,United States,67119.0,42650.0,-16.0,-7.0,-12.0,-36.0,-30.0,10.0,-20.2,66535.86,66535.86
2021-03-03,USA,United States,66871.0,42153.0,-12.0,-4.0,-1.0,-34.0,-30.0,9.0,-16.2,66535.86,66535.86
2021-03-04,USA,United States,66188.0,40175.0,-15.0,-6.0,-4.0,-34.0,-30.0,9.0,-17.8,66535.86,66535.86
2021-03-05,USA,United States,65247.0,39581.0,-16.0,-8.0,-10.0,-33.0,-29.0,9.0,-19.2,66535.86,66535.86
2021-03-06,USA,United States,63988.0,38206.0,-13.0,-4.0,7.0,-26.0,-11.0,4.0,-9.4,66535.86,66535.86
2021-03-07,USA,United States,62654.0,37769.0,-12.0,-6.0,9.0,-26.0,-13.0,3.0,-9.6,60105.57,60105.57
2021-03-08,USA,United States,61395.0,37687.0,-16.0,-7.0,-1.0,-35.0,-31.0,9.0,-18.0,60105.57,60105.57
2021-03-09,USA,United States,60801.0,37040.0,-14.0,-5.0,9.0,-34.0,-31.0,9.0,-15.0,60105.57,60105.57
2021-03-10,USA,United States,60031.0,36661.0,-13.0,-6.0,2.0,-34.0,-30.0,9.0,-16.2,60105.57,60105.57
2021-03-11,USA,United States,59358.0,35914.0,-14.0,-5.0,7.0,-32.0,-30.0,9.0,-14.8,60105.57,60105.57
2021-03-12,USA,United States,59053.0,35647.0,-14.0,-7.0,2.0,-30.0,-30.0,9.0,-15.8,60105.57,60105.57
2021-03-13,USA,United States,58026.0,34983.0,-10.0,-2.0,16.0,-21.0,-11.0,3.0,-5.6,60105.57,60105.57
2021-03-14,USA,United States,56937.0,34412.0,-11.0,-7.0,1.0,-24.0,-15.0,4.0,-11.2,54857.14,54857.14
2021-03-15,USA,United States,55909.0,34701.0,-14.0,-7.0,-11.0,-34.0,-33.0,10.0,-19.8,54857.14,54857.14
2021-03-16,USA,United States,55118.0,34577.0,-11.0,-3.0,-2.0,-32.0,-32.0,9.0,-16.0,54857.14,54857.14
2021-03-17,USA,United States,54567.0,34595.0,-4.0,-2.0,0.0,-30.0,-31.0,8.0,-13.4,54857.14,54857.14
2021-03-18,USA,United States,54392.0,34104.0,-10.0,-5.0,-9.0,-31.0,-32.0,10.0,-17.4,54857.14,54857.14
2021-03-19,USA,United States,54730.0,34035.0,-10.0,-6.0,0.0,-28.0,-31.0,8.0,-15.0,54857.14,54857.14
2021-03-20,USA,United States,54605.0,33214.0,-6.0,-2.0,25.0,-16.0,-10.0,2.0,-1.8,54857.14,54857.14
2021-03-21,USA,United States,54473.0,33283.0,-4.0,-3.0,28.0,-16.0,-12.0,2.0,-1.4,54221.57,54221.57
2021-03-22,USA,United States,54349.0,33742.0,-9.0,-5.0,11.0,-30.0,-30.0,8.0,-12.6,54221.57,54221.57
2021-03-23,USA,United States,53788.0,33996.0,-9.0,-4.0,9.0,-31.0,-30.0,8.0,-13.0,54221.57,54221.57
2021-03-24,USA,United States,53838.0,34367.0,-9.0,-5.0,1.0,-31.0,-30.0,9.0,-14.8,54221.57,54221.57
2021-03-25,USA,United States,54385.0,34362.0,-10.0,-4.0,4.0,-30.0,-30.0,9.0,-14.0,54221.57,54221.57
2021-03-26,USA,United States,55317.0,34634.0,-10.0,-6.0,9.0,-27.0,-30.0,8.0,-12.8,54221.57,54221.57
2021-03-27,USA,United States,56388.0,33946.0,-8.0,-2.0,35.0,-16.0,-10.0,2.0,-0.2,54221.57,54221.57
2021-03-28,USA,United States,57522.0,34464.0,-8.0,-5.0,3.0,-21.0,-14.0,3.0,-9.0,59688.29,59688.29
2021-03-29,USA,United States,58592.0,35027.0,-8.0,-3.0,14.0,-30.0,-31.0,8.0,-11.6,59688.29,59688.29
2021-03-30,USA,United States,59086.0,35418.0,-7.0,-1.0,23.0,-29.0,-31.0,8.0,-9.0,59688.29,59688.29
2021-03-31,USA,United States,59743.0,35567.0,-6.0,-2.0,4.0,-29.0,-31.0,8.0,-12.8,59688.29,59688.29
2021-04-01,USA,United States,60329.0,35571.0,-4.0,3.0,9.0,-27.0,-31.0,8.0,-10.0,59688.29,59688.29
2021-04-02,USA,United States,60609.0,35607.0,-6.0,3.0,11.0,-27.0,-40.0,10.0,-11.8,59688.29,59688.29
2021-04-03,USA,United States,61508.0,35195.0,-6.0,11.0,31.0,-18.0,-14.0,2.0,0.8,59688.29,59688.29
2021-04-04,USA,United States,62460.0,35675.0,-28.0,-11.0,33.0,-21.0,-23.0,1.0,-10.0,64280.0,64280.0
2021-04-05,USA,United States,63360.0,36624.0,-6.0,-1.0,26.0,-27.0,-34.0,8.0,-8.4,64280.0,64280.0
2021-04-06,USA,United States,64026.0,37551.0,-6.0,0.0,33.0,-27.0,-31.0,7.0,-6.2,64280.0,64280.0
2021-04-07,USA,United States,64515.0,37748.0,-4.0,0.0,27.0,-27.0,-31.0,7.0,-7.0,64280.0,64280.0
2021-04-08,USA,United States,64699.0,37953.0,-6.0,-1.0,26.0,-26.0,-30.0,8.0,-7.4,64280.0,64280.0
2021-04-09,USA,United States,64452.0,37856.0,-10.0,-5.0,16.0,-26.0,-30.0,7.0,-11.0,64280.0,64280.0
2021-04-10,USA,United States,64619.0,37546.0,-7.0,-2.0,32.0,-17.0,-12.0,2.0,-1.2,64280.0,64280.0
2021-04-11,USA,United States,64797.0,38089.0,-6.0,-4.0,18.0,-19.0,-14.0,2.0,-5.0,65135.71,65135.71
2021-04-12,USA,United States,64964.0,38927.0,-9.0,-3.0,9.0,-29.0,-29.0,7.0,-12.2,65135.71,65135.71
2021-04-13,USA,United States,64967.0,39201.0,-8.0,-1.0,20.0,-29.0,-29.0,7.0,-9.4,65135.71,65135.71
2021-04-14,USA,United States,65088.0,39469.0,-7.0,-3.0,13.0,-29.0,-30.0,8.0,-11.2,65135.71,65135.71
2021-04-15,USA,United States,65271.0,39188.0,-10.0,-3.0,9.0,-29.0,-29.0,8.0,-12.4,65135.71,65135.71
2021-04-16,USA,United States,65458.0,39406.0,-11.0,-6.0,8.0,-27.0,-29.0,8.0,-13.0,65135.71,65135.71
2021-04-17,USA,United States,65774.0,39012.0,-8.0,-2.0,35.0,-17.0,-12.0,2.0,-0.8,65135.71,65135.71
2021-04-18,USA,United States,66107.0,39460.0,-5.0,-2.0,38.0,-16.0,-13.0,2.0,0.4,66745.29,66745.29
2021-04-19,USA,United States,66423.0,40212.0,-10.0,-3.0,14.0,-28.0,-29.0,8.0,-11.2,66745.29,66745.29
2021-04-20,USA,United States,67414.0,40206.0,-8.0,-1.0,21.0,-28.0,-29.0,8.0,-9.0,66745.29,66745.29
2021-04-21,USA,United States,67396.0,40046.0,-9.0,-3.0,6.0,-29.0,-29.0,8.0,-12.8,66745.29,66745.29
2021-04-22,USA,United States,66534.0,39201.0,-9.0,-2.0,16.0,-28.0,-28.0,8.0,-10.2,66745.29,66745.29
2021-04-23,USA,United States,64995.0,38562.0,-11.0,-5.0,16.0,-25.0,-28.0,7.0,-10.6,66745.29,66745.29
2021-04-24,USA,United States,63285.0,37357.0,-9.0,-2.0,34.0,-18.0,-12.0,2.0,-1.4,66745.29,66745.29
2021-04-25,USA,United States,61474.0,37133.0,-6.0,-3.0,23.0,-18.0,-13.0,2.0,-3.4,58013.57,58013.57
2021-04-26,USA,United States,59764.0,37540.0,-9.0,-2.0,23.0,-28.0,-29.0,7.0,-9.0,58013.57,58013.57
2021-04-27,USA,United States,59171.0,37207.0,-8.0,0.0,33.0,-27.0,-29.0,7.0,-6.2,58013.57,58013.57
2021-04-28,USA,United States,58073.0,36881.0,-7.0,-1.0,26.0,-27.0,-29.0,7.0,-7.6,58013.57,58013.57
2021-04-29,USA,United States,56898.0,35989.0,-8.0,-1.0,19.0,-27.0,-29.0,8.0,-9.2,58013.57,58013.57
2021-04-30,USA,United States,56075.0,35364.0,-8.0,-1.0,21.0,-23.0,-28.0,6.0,-7.8,58013.57,58013.57
2021-05-01,USA,United States,54182.0,34005.0,-6.0,2.0,57.0,-13.0,-12.0,1.0,5.6,58013.57,58013.57
2021-05-02,USA,United States,52176.0,33764.0,-4.0,1.0,45.0,-13.0,-13.0,1.0,3.2,48343.86,48343.86
2021-05-03,USA,United States,50282.0,33964.0,-8.0,1.0,8.0,-27.0,-29.0,7.0,-11.0,48343.86,48343.86
2021-05-04,USA,United States,49279.0,33755.0,-7.0,3.0,18.0,-27.0,-29.0,7.0,-8.4,48343.86,48343.86
2021-05-05,USA,United States,48150.0,33339.0,-4.0,3.0,18.0,-27.0,-29.0,7.0,-7.8,48343.86,48343.86
2021-05-06,USA,United States,47272.0,32505.0,-6.0,3.0,31.0,-24.0,-28.0,6.0,-4.8,48343.86,48343.86
2021-05-07,USA,United States,47024.0,31832.0,-7.0,1.0,23.0,-23.0,-27.0,6.0,-6.6,48343.86,48343.86
2021-05-08,USA,United States,45735.0,30635.0,-3.0,11.0,43.0,-14.0,-12.0,0.0,5.0,48343.86,48343.86
2021-05-09,USA,United States,44369.0,30154.0,-2.0,7.0,20.0,-15.0,-14.0,0.0,-0.8,41760.57,41760.57
2021-05-10,USA,United States,43080.0,29987.0,-9.0,0.0,16.0,-27.0,-29.0,7.0,-9.8,41760.57,41760.57
2021-05-11,USA,United States,42728.0,29482.0,-8.0,4.0,25.0,-26.0,-29.0,7.0,-6.8,41760.57,41760.57
2021-05-12,USA,United States,41876.0,29113.0,-6.0,3.0,27.0,-24.0,-29.0,7.0,-5.8,41760.57,41760.57
2021-05-13,USA,United States,40874.0,28174.0,-5.0,3.0,43.0,-23.0,-29.0,6.0,-2.2,41760.57,41760.57
2021-05-14,USA,United States,40072.0,27422.0,-7.0,0.0,39.0,-20.0,-28.0,6.0,-3.2,41760.57,41760.57
2021-05-15,USA,United States,38422.0,26184.0,-6.0,3.0,65.0,-10.0,-13.0,0.0,7.8,41760.57,41760.57
2021-05-16,USA,United States,36674.0,25646.0,-4.0,0.0,40.0,-11.0,-12.0,1.0,2.6,33335.71,33335.71
2021-05-17,USA,United States,35025.0,25563.0,-7.0,1.0,27.0,-24.0,-29.0,7.0,-6.4,33335.71,33335.71
2021-05-18,USA,United States,34290.0,25023.0,-6.0,3.0,34.0,-24.0,-28.0,7.0,-4.2,33335.71,33335.71
2021-05-19,USA,United States,33271.0,24925.0,-4.0,2.0,37.0,-25.0,-28.0,7.0,-3.6,33335.71,33335.71
2021-05-20,USA,United States,32336.0,23954.0,-4.0,4.0,42.0,-24.0,-28.0,6.0,-2.0,33335.71,33335.71
2021-05-21,USA,United States,31854.0,23397.0,-7.0,0.0,38.0,-22.0,-27.0,5.0,-3.6,33335.71,33335.71
2021-05-22,USA,United States,30407.0,22643.0,-7.0,3.0,64.0,-14.0,-11.0,0.0,7.0,33335.71,33335.71
2021-05-23,USA,United States,28873.0,22445.0,-4.0,1.0,47.0,-13.0,-12.0,1.0,3.8,25944.14,25944.14
2021-05-24,USA,United States,27426.0,22431.0,-6.0,1.0,27.0,-26.0,-29.0,6.0,-6.6,25944.14,25944.14
2021-05-25,USA,United States,26642.0,22087.0,-4.0,4.0,38.0,-25.0,-28.0,6.0,-3.0,25944.14,25944.14
2021-05-26,USA,United States,25783.0,21598.0,-2.0,3.0,37.0,-24.0,-29.0,6.0,-3.0,25944.14,25944.14
2021-05-27,USA,United States,25133.0,21056.0,-2.0,6.0,41.0,-21.0,-29.0,6.0,-1.0,25944.14,25944.14
2021-05-28,USA,United States,24976.0,20398.0,-5.0,3.0,29.0,-19.0,-31.0,6.0,-4.6,25944.14,25944.14
2021-05-29,USA,United States,24031.0,19474.0,-7.0,5.0,51.0,-13.0,-15.0,1.0,4.2,25944.14,25944.14
2021-05-30,USA,United States,23029.0,19062.0,-3.0,3.0,58.0,-16.0,-15.0,0.0,5.4,21115.86,21115.86
2021-05-31,USA,United States,22084.0,18678.0,-8.0,0.0,82.0,-33.0,-72.0,15.0,-6.2,21115.86,21115.86
2021-06-01,USA,United States,21891.0,18657.0,-3.0,8.0,44.0,-21.0,-31.0,6.0,-0.6,21115.86,21115.86
2021-06-02,USA,United States,21250.0,18083.0,-2.0,5.0,40.0,-23.0,-30.0,7.0,-2.0,21115.86,21115.86
2021-06-03,USA,United States,20435.0,17634.0,-3.0,6.0,37.0,-23.0,-29.0,7.0,-2.4,21115.86,21115.86
2021-06-04,USA,United States,19721.0,16970.0,-5.0,2.0,44.0,-20.0,-28.0,6.0,-1.4,21115.86,21115.86
2021-06-05,USA,United States,18359.0,16298.0,-6.0,5.0,74.0,-9.0,-8.0,0.0,11.2,21115.86,21115.86
2021-06-06,USA,United States,16916.0,15987.0,-2.0,3.0,60.0,-9.0,-10.0,0.0,8.4,14158.86,14158.86
2021-06-07,USA,United States,15554.0,15742.0,-4.0,3.0,34.0,-24.0,-31.0,7.0,-4.4,14158.86,14158.86
2021-06-08,USA,United States,14429.0,15630.0,-3.0,5.0,38.0,-24.0,-30.0,7.0,-2.8,14158.86,14158.86
2021-06-09,USA,United States,13717.0,15262.0,-1.0,5.0,43.0,-22.0,-30.0,6.0,-1.0,14158.86,14158.86
2021-06-10,USA,United States,13578.0,14838.0,-2.0,6.0,51.0,-21.0,-30.0,6.0,0.8,14158.86,14158.86
2021-06-11,USA,United States,14172.0,14421.0,-6.0,1.0,41.0,-20.0,-31.0,6.0,-3.0,14158.86,14158.86
2021-06-12,USA,United States,14185.0,13940.0,-6.0,4.0,71.0,-9.0,-10.0,0.0,10.0,14158.86,14158.86
2021-06-13,USA,United States,14198.0,13957.0,-3.0,3.0,60.0,-7.0,-10.0,0.0,8.6,14223.57,14223.57
2021-06-14,USA,United States,14211.0,13929.0,-3.0,4.0,39.0,-22.0,-32.0,6.0,-2.8,14223.57,14223.57
2021-06-15,USA,United States,14448.0,13722.0,-2.0,6.0,50.0,-21.0,-31.0,6.0,0.4,14223.57,14223.57
2021-06-16,USA,United States,14398.0,13494.0,0.0,6.0,55.0,-20.0,-31.0,6.0,2.0,14223.57,14223.57
2021-06-17,USA,United States,14122.0,13094.0,-1.0,6.0,61.0,-19.0,-32.0,6.0,3.0,14223.57,14223.57
2021-06-18,USA,United States,13681.0,12855.0,-5.0,3.0,53.0,-18.0,-33.0,6.0,0.0,14223.57,14223.57
2021-06-19,USA,United States,13151.0,12482.0,-6.0,7.0,69.0,-8.0,-11.0,0.0,10.2,14223.57,14223.57
2021-06-20,USA,United States,12590.0,12502.0,-2.0,4.0,52.0,-8.0,-13.0,-1.0,6.6,11518.14,11518.14
2021-06-21,USA,United States,12060.0,12592.0,-5.0,0.0,39.0,-22.0,-34.0,7.0,-4.4,11518.14,11518.14
2021-06-22,USA,United States,11541.0,12538.0,-4.0,2.0,41.0,-22.0,-32.0,7.0,-3.0,11518.14,11518.14
2021-06-23,USA,United States,11285.0,12608.0,-2.0,3.0,56.0,-20.0,-32.0,6.0,1.0,11518.14,11518.14
2021-06-24,USA,United States,11331.0,12396.0,-3.0,3.0,56.0,-20.0,-32.0,6.0,0.8,11518.14,11518.14
2021-06-25,USA,United States,11719.0,12408.0,-6.0,-1.0,46.0,-18.0,-32.0,6.0,-2.2,11518.14,11518.14
2021-06-26,USA,United States,11915.0,12238.0,-7.0,1.0,61.0,-8.0,-9.0,0.0,7.6,11518.14,11518.14
2021-06-27,USA,United States,12123.0,12233.0,-3.0,1.0,57.0,-6.0,-10.0,0.0,7.8,12519.57,12519.57
2021-06-28,USA,United States,12319.0,12510.0,-4.0,1.0,38.0,-23.0,-34.0,4.0,-4.4,12519.57,12519.57
2021-06-29,USA,United States,12367.0,12662.0,-6.0,-1.0,35.0,-25.0,-34.0,6.0,-6.2,12519.57,12519.57
2021-06-30,USA,United States,12498.0,12877.0,-1.0,4.0,40.0,-21.0,-32.0,6.0,-2.0,12519.57,12519.57
2021-07-01,USA,United States,12657.0,12863.0,0.0,8.0,44.0,-18.0,-33.0,6.0,0.2,12519.57,12519.57
2021-07-02,USA,United States,12789.0,13234.0,-3.0,8.0,50.0,-15.0,-35.0,6.0,1.0,12519.57,12519.57
2021-07-03,USA,United States,13052.0,12916.0,-7.0,11.0,76.0,-8.0,-16.0,0.0,11.2,12519.57,12519.57
2021-07-04,USA,United States,13330.0,13121.0,-13.0,5.0,112.0,-11.0,-21.0,-2.0,14.4,13862.43,13862.43
2021-07-05,USA,United States,13593.0,13433.0,-3.0,1.0,76.0,-28.0,-68.0,14.0,-4.4,13862.43,13862.43
2021-07-06,USA,United States,11538.0,13974.0,-4.0,6.0,43.0,-21.0,-35.0,7.0,-2.2,13862.43,13862.43
2021-07-07,USA,United States,12243.0,14664.0,-3.0,4.0,43.0,-21.0,-34.0,7.0,-2.2,13862.43,13862.43
2021-07-08,USA,United States,15048.0,15074.0,-4.0,4.0,41.0,-21.0,-34.0,7.0,-2.8,13862.43,13862.43
2021-07-09,USA,United States,19289.0,15409.0,-7.0,0.0,43.0,-19.0,-33.0,7.0,-3.2,13862.43,13862.43
2021-07-10,USA,United States,24589.0,15710.0,-7.0,3.0,64.0,-7.0,-9.0,0.0,8.8,13862.43,13862.43
2021-07-11,USA,United States,30204.0,16396.0,-4.0,1.0,43.0,-8.0,-10.0,1.0,4.4,40930.0,40930.0
2021-07-12,USA,United States,35504.0,17330.0,-5.0,2.0,34.0,-22.0,-33.0,7.0,-4.8,40930.0,40930.0
2021-07-13,USA,United States,40624.0,18204.0,-3.0,4.0,44.0,-21.0,-33.0,7.0,-1.8,40930.0,40930.0
2021-07-14,USA,United States,43208.0,19085.0,-1.0,4.0,47.0,-20.0,-32.0,6.0,-0.4,40930.0,40930.0
2021-07-15,USA,United States,42839.0,19915.0,0.0,7.0,57.0,-18.0,-32.0,6.0,2.8,40930.0,40930.0
2021-07-16,USA,United States,39099.0,20874.0,-5.0,1.0,47.0,-17.0,-32.0,6.0,-1.2,40930.0,40930.0
2021-07-17,USA,United States,37311.0,21595.0,-6.0,3.0,66.0,-7.0,-10.0,0.0,9.2,40930.0,40930.0
2021-07-18,USA,United States,35416.0,22564.0,-1.0,3.0,59.0,-5.0,-11.0,0.0,9.0,31797.0,31797.0
2021-07-19,USA,United States,33628.0,24261.0,-3.0,4.0,42.0,-20.0,-33.0,6.0,-2.0,31797.0,31797.0
2021-07-20,USA,United States,30523.0,25700.0,-2.0,5.0,50.0,-20.0,-33.0,6.0,0.0,31797.0,31797.0
2021-07-21,USA,United States,29995.0,27055.0,-1.0,5.0,50.0,-20.0,-32.0,6.0,0.4,31797.0,31797.0
2021-07-22,USA,United States,31803.0,28605.0,-1.0,6.0,60.0,-18.0,-32.0,6.0,3.0,31797.0,31797.0
2021-07-23,USA,United States,35705.0,30295.0,-6.0,1.0,53.0,-17.0,-32.0,6.0,-0.2,31797.0,31797.0
2021-07-24,USA,United States,39521.0,31469.0,-7.0,3.0,71.0,-6.0,-10.0,0.0,10.2,31797.0,31797.0
2021-07-25,USA,United States,43565.0,33406.0,-3.0,2.0,53.0,-6.0,-10.0,0.0,7.2,51289.57,51289.57
2021-07-26,USA,United States,47382.0,35748.0,-4.0,4.0,42.0,-21.0,-33.0,6.0,-2.4,51289.57,51289.57
2021-07-27,USA,United States,48263.0,38296.0,-3.0,5.0,46.0,-21.0,-32.0,7.0,-1.0,51289.57,51289.57
2021-07-28,USA,United States,50826.0,40473.0,-2.0,4.0,47.0,-20.0,-32.0,6.0,-0.6,51289.57,51289.57
2021-07-29,USA,United States,53990.0,42200.0,-3.0,4.0,42.0,-20.0,-32.0,7.0,-1.8,51289.57,51289.57
2021-07-30,USA,United States,56675.0,44541.0,-4.0,3.0,49.0,-17.0,-32.0,6.0,-0.2,51289.57,51289.57
2021-07-31,USA,United States,61936.0,46428.0,-5.0,5.0,65.0,-6.0,-10.0,0.0,9.8,51289.57,51289.57
2021-08-01,USA,United States,67509.0,48538.0,-2.0,3.0,45.0,-6.0,-10.0,0.0,6.0,78155.14,78155.14
2021-08-02,USA,United States,72770.0,51780.0,-2.0,5.0,43.0,-20.0,-33.0,6.0,-1.4,78155.14,78155.14
2021-08-03,USA,United States,74741.0,54470.0,-1.0,8.0,47.0,-20.0,-32.0,6.0,0.4,78155.14,78155.14
2021-08-04,USA,United States,78084.0,56945.0,-1.0,6.0,45.0,-20.0,-32.0,6.0,-0.4,78155.14,78155.14
2021-08-05,USA,United States,81519.0,59587.0,-2.0,7.0,50.0,-20.0,-32.0,6.0,0.6,78155.14,78155.14
2021-08-06,USA,United States,83767.0,62122.0,-6.0,2.0,48.0,-18.0,-32.0,6.0,-1.2,78155.14,78155.14
2021-08-07,USA,United States,89249.0,63544.0,-7.0,4.0,58.0,-8.0,-10.0,1.0,7.4,78155.14,78155.14
2021-08-08,USA,United States,95057.0,66369.0,-3.0,3.0,45.0,-7.0,-10.0,0.0,5.6,106150.86,106150.86
2021-08-09,USA,United States,100539.0,69838.0,-4.0,5.0,32.0,-22.0,-33.0,7.0,-4.4,106150.86,106150.86
2021-08-10,USA,United States,103322.0,72521.0,-3.0,6.0,36.0,-22.0,-32.0,7.0,-3.0,106150.86,106150.86
2021-08-11,USA,United States,106623.0,74823.0,-3.0,5.0,35.0,-22.0,-32.0,6.0,-3.4,106150.86,106150.86
2021-08-12,USA,United States,109312.0,76968.0,-4.0,6.0,42.0,-21.0,-32.0,6.0,-1.8,106150.86,106150.86
2021-08-13,USA,United States,110258.0,78580.0,-6.0,2.0,40.0,-19.0,-32.0,6.0,-3.0,106150.86,106150.86
2021-08-14,USA,United States,114269.0,79622.0,-6.0,4.0,58.0,-9.0,-11.0,1.0,7.2,106150.86,106150.86
2021-08-15,USA,United States,118519.0,81624.0,-2.0,4.0,49.0,-7.0,-11.0,0.0,6.6,126637.71,126637.71
2021-08-16,USA,United States,122531.0,84313.0,-4.0,4.0,29.0,-22.0,-33.0,6.0,-5.2,126637.71,126637.71
2021-08-17,USA,United States,124225.0,86744.0,-3.0,6.0,31.0,-23.0,-33.0,6.0,-4.4,126637.71,126637.71
2021-08-18,USA,United States,126727.0,88626.0,-3.0,4.0,30.0,-22.0,-30.0,6.0,-4.2,126637.71,126637.71
2021-08-19,USA,United States,129113.0,89428.0,-4.0,5.0,35.0,-22.0,-31.0,6.0,-3.4,126637.71,126637.71
2021-08-20,USA,United States,130461.0,90191.0,-7.0,1.0,35.0,-20.0,-30.0,5.0,-4.2,126637.71,126637.71
2021-08-21,USA,United States,134195.0,90417.0,-7.0,4.0,53.0,-12.0,-10.0,1.0,5.6,126637.71,126637.71
2021-08-22,USA,United States,138152.0,92239.0,-7.0,0.0,28.0,-17.0,-12.0,2.0,-1.6,145709.43,145709.43
2021-08-23,USA,United States,141886.0,94682.0,-6.0,3.0,23.0,-25.0,-32.0,6.0,-7.4,145709.43,145709.43
2021-08-24,USA,United States,144055.0,95992.0,-6.0,4.0,30.0,-24.0,-31.0,6.0,-5.4,145709.43,145709.43
2021-08-25,USA,United States,146236.0,95976.0,-5.0,4.0,32.0,-23.0,-30.0,6.0,-4.4,145709.43,145709.43
2021-08-26,USA,United States,147734.0,96370.0,-5.0,4.0,33.0,-22.0,-30.0,6.0,-4.0,145709.43,145709.43
2021-08-27,USA,United States,147855.0,96192.0,-8.0,0.0,27.0,-22.0,-29.0,6.0,-6.4,145709.43,145709.43
2021-08-28,USA,United States,149951.0,95071.0,-8.0,2.0,47.0,-14.0,-10.0,2.0,3.4,145709.43,145709.43
2021-08-29,USA,United States,152171.0,96125.0,-6.0,0.0,33.0,-13.0,-12.0,2.0,0.4,156412.86,156412.86
2021-08-30,USA,United States,154267.0,97200.0,-8.0,1.0,20.0,-25.0,-31.0,6.0,-8.6,156412.86,156412.86
2021-08-31,USA,United States,155397.0,97821.0,-6.0,4.0,25.0,-23.0,-30.0,6.0,-6.0,156412.86,156412.86
2021-09-01,USA,United States,156643.0,97992.0,-5.0,3.0,18.0,-24.0,-30.0,6.0,-7.6,156412.86,156412.86
2021-09-02,USA,United States,157590.0,97811.0,-3.0,5.0,35.0,-21.0,-30.0,6.0,-2.8,156412.86,156412.86
2021-09-03,USA,United States,157826.0,96835.0,-4.0,5.0,37.0,-16.0,-30.0,5.0,-1.6,156412.86,156412.86
2021-09-04,USA,United States,159207.0,95082.0,-7.0,5.0,61.0,-11.0,-15.0,1.0,6.6,156412.86,156412.86
2021-09-05,USA,United States,160670.0,95280.0,-2.0,3.0,62.0,-15.0,-15.0,0.0,6.6,163464.43,163464.43
2021-09-06,USA,United States,162051.0,95910.0,-7.0,0.0,68.0,-33.0,-72.0,16.0,-8.8,163464.43,163464.43
2021-09-07,USA,United States,164644.0,96810.0,-7.0,5.0,28.0,-22.0,-30.0,6.0,-5.2,163464.43,163464.43
2021-09-08,USA,United States,165002.0,96485.0,-6.0,4.0,27.0,-23.0,-28.0,6.0,-5.2,163464.43,163464.43
2021-09-09,USA,United States,163367.0,95684.0,-7.0,3.0,27.0,-23.0,-27.0,6.0,-5.4,163464.43,163464.43
2021-09-10,USA,United States,159980.0,94559.0,-8.0,0.0,34.0,-20.0,-25.0,4.0,-3.8,163464.43,163464.43
2021-09-11,USA,United States,156576.0,91979.0,-7.0,2.0,65.0,-13.0,-9.0,1.0,7.6,163464.43,163464.43
2021-09-12,USA,United States,152970.0,91541.0,-6.0,1.0,39.0,-12.0,-11.0,2.0,2.2,146081.43,146081.43
2021-09-13,USA,United States,149566.0,92158.0,-8.0,2.0,23.0,-23.0,-28.0,6.0,-6.8,146081.43,146081.43
2021-09-14,USA,United States,146592.0,90633.0,-7.0,3.0,30.0,-23.0,-28.0,6.0,-5.0,146081.43,146081.43
2021-09-15,USA,United States,144854.0,89538.0,-3.0,4.0,27.0,-22.0,-27.0,5.0,-4.2,146081.43,146081.43
2021-09-16,USA,United States,144707.0,88250.0,-5.0,3.0,32.0,-22.0,-28.0,6.0,-4.0,146081.43,146081.43
2021-09-17,USA,United States,146508.0,86780.0,-7.0,-1.0,29.0,-19.0,-27.0,4.0,-5.0,146081.43,146081.43
2021-09-18,USA,United States,146924.0,84475.0,-5.0,1.0,59.0,-13.0,-11.0,1.0,6.2,146081.43,146081.43
2021-09-19,USA,United States,147365.0,83494.0,-5.0,0.0,39.0,-11.0,-13.0,1.0,2.0,148207.71,148207.71
2021-09-20,USA,United States,147781.0,83675.0,-8.0,1.0,19.0,-22.0,-27.0,5.0,-7.4,148207.71,148207.71
2021-09-21,USA,United States,150343.0,82358.0,-7.0,2.0,24.0,-24.0,-26.0,6.0,-6.2,148207.71,148207.71
2021-09-22,USA,United States,150006.0,80843.0,-7.0,1.0,19.0,-24.0,-24.0,6.0,-7.0,148207.71,148207.71
2021-09-23,USA,United States,147338.0,79242.0,-7.0,2.0,29.0,-22.0,-24.0,5.0,-4.4,148207.71,148207.71
2021-09-24,USA,United States,142905.0,77387.0,-7.0,-1.0,33.0,-19.0,-24.0,4.0,-3.6,148207.71,148207.71
2021-09-25,USA,United States,137726.0,74807.0,-6.0,1.0,64.0,-12.0,-9.0,0.0,7.6,148207.71,148207.71
2021-09-26,USA,United States,132238.0,74161.0,-5.0,0.0,40.0,-11.0,-11.0,1.0,2.6,121756.29,121756.29
2021-09-27,USA,United States,127059.0,73886.0,-8.0,1.0,24.0,-22.0,-25.0,5.0,-6.0,121756.29,121756.29
2021-09-28,USA,United States,123963.0,72525.0,-8.0,1.0,23.0,-24.0,-24.0,5.0,-6.4,121756.29,121756.29
2021-09-29,USA,United States,120960.0,70704.0,-6.0,2.0,27.0,-23.0,-23.0,5.0,-4.6,121756.29,121756.29
2021-09-30,USA,United States,118990.0,68918.0,-5.0,3.0,29.0,-20.0,-23.0,5.0,-3.2,121756.29,121756.29
2021-10-01,USA,United States,118990.0,67124.0,-4.0,3.0,30.0,-17.0,-23.0,4.0,-2.2,121756.29,121756.29
2021-10-02,USA,United States,116287.0,64834.0,-4.0,4.0,55.0,-12.0,-10.0,1.0,6.6,121756.29,121756.29
2021-10-03,USA,United States,113424.0,64381.0,-4.0,2.0,27.0,-12.0,-12.0,1.0,0.2,107955.43,107955.43
2021-10-04,USA,United States,110722.0,64487.0,-7.0,4.0,14.0,-23.0,-25.0,5.0,-7.4,107955.43,107955.43
2021-10-05,USA,United States,109386.0,63508.0,-6.0,4.0,21.0,-23.0,-24.0,5.0,-5.6,107955.43,107955.43
2021-10-06,USA,United States,107750.0,62376.0,-6.0,2.0,23.0,-22.0,-23.0,5.0,-5.2,107955.43,107955.43
2021-10-07,USA,United States,106380.0,61095.0,-6.0,3.0,28.0,-19.0,-23.0,5.0,-3.4,107955.43,107955.43
2021-10-08,USA,United States,105845.0,59461.0,-6.0,-1.0,27.0,-18.0,-24.0,5.0,-4.4,107955.43,107955.43
2021-10-09,USA,United States,103783.0,57940.0,-5.0,2.0,55.0,-11.0,-10.0,1.0,6.2,107955.43,107955.43
2021-10-10,USA,United States,101599.0,57496.0,-5.0,0.0,31.0,-12.0,-12.0,1.0,0.4,97426.29,97426.29
2021-10-11,USA,United States,99537.0,57618.0,-6.0,1.0,21.0,-24.0,-32.0,7.0,-8.0,97426.29,97426.29
2021-10-12,USA,United States,99039.0,56985.0,-7.0,2.0,21.0,-21.0,-24.0,5.0,-5.8,97426.29,97426.29
2021-10-13,USA,United States,97660.0,55885.0,-6.0,1.0,20.0,-21.0,-23.0,5.0,-5.8,97426.29,97426.29
2021-10-14,USA,United States,95978.0,54564.0,-5.0,3.0,27.0,-19.0,-23.0,5.0,-3.4,97426.29,97426.29
2021-10-15,USA,United States,94570.0,53358.0,-5.0,0.0,24.0,-18.0,-24.0,4.0,-4.6,97426.29,97426.29
2021-10-16,USA,United States,91780.0,51837.0,-4.0,2.0,48.0,-12.0,-10.0,0.0,4.8,97426.29,97426.29
2021-10-17,USA,United States,88823.0,51504.0,-3.0,0.0,30.0,-10.0,-12.0,1.0,1.0,83176.71,83176.71
2021-10-18,USA,United States,86033.0,51723.0,-7.0,1.0,16.0,-21.0,-24.0,5.0,-7.0,83176.71,83176.71
2021-10-19,USA,United States,84625.0,50595.0,-6.0,2.0,23.0,-22.0,-23.0,5.0,-5.2,83176.71,83176.71
2021-10-20,USA,United States,82942.0,49311.0,-5.0,1.0,22.0,-21.0,-23.0,5.0,-5.2,83176.71,83176.71
2021-10-21,USA,United States,81564.0,48405.0,-5.0,2.0,22.0,-20.0,-23.0,5.0,-4.8,83176.71,83176.71
2021-10-22,USA,United States,81066.0,47454.0,-6.0,-1.0,19.0,-18.0,-23.0,4.0,-5.8,83176.71,83176.71
2021-10-23,USA,United States,79005.0,46398.0,-5.0,1.0,38.0,-13.0,-10.0,1.0,2.2,83176.71,83176.71
2021-10-24,USA,United States,76821.0,46114.0,-6.0,-2.0,8.0,-14.0,-13.0,2.0,-5.4,72649.0,72649.0
2021-10-25,USA,United States,74759.0,46380.0,-9.0,0.0,-1.0,-23.0,-24.0,6.0,-11.4,72649.0,72649.0
2021-10-26,USA,United States,72855.0,45821.0,-7.0,2.0,4.0,-25.0,-23.0,6.0,-9.8,72649.0,72649.0
2021-10-27,USA,United States,71828.0,45003.0,-5.0,2.0,9.0,-22.0,-22.0,5.0,-7.6,72649.0,72649.0
2021-10-28,USA,United States,71865.0,44195.0,-5.0,3.0,8.0,-21.0,-22.0,5.0,-7.4,72649.0,72649.0
2021-10-29,USA,United States,73154.0,43513.0,-7.0,0.0,4.0,-21.0,-22.0,5.0,-9.2,72649.0,72649.0
2021-10-30,USA,United States,73648.0,42766.0,-5.0,5.0,25.0,-16.0,-10.0,1.0,-0.2,72649.0,72649.0
2021-10-31,USA,United States,74171.0,42513.0,-5.0,4.0,29.0,-12.0,-13.0,1.0,0.6,75169.43,75169.43
2021-11-01,USA,United States,74664.0,42623.0,-7.0,2.0,2.0,-21.0,-24.0,6.0,-9.6,75169.43,75169.43
2021-11-02,USA,United States,75261.0,42291.0,-6.0,2.0,5.0,-24.0,-24.0,6.0,-9.4,75169.43,75169.43
2021-11-03,USA,United States,75472.0,41982.0,-6.0,3.0,3.0,-23.0,-22.0,5.0,-9.0,75169.43,75169.43
2021-11-04,USA,United States,75291.0,41357.0,-6.0,2.0,4.0,-22.0,-22.0,6.0,-8.8,75169.43,75169.43
2021-11-05,USA,United States,74712.0,40945.0,-7.0,-2.0,2.0,-21.0,-22.0,5.0,-10.0,75169.43,75169.43
2021-11-06,USA,United States,74265.0,40176.0,-6.0,0.0,20.0,-16.0,-10.0,2.0,-2.4,75169.43,75169.43
2021-11-07,USA,United States,73792.0,40472.0,-4.0,0.0,13.0,-15.0,-11.0,2.0,-3.4,72887.29,72887.29
2021-11-08,USA,United States,73345.0,41349.0,-8.0,1.0,6.0,-22.0,-22.0,5.0,-9.0,72887.29,72887.29
2021-11-09,USA,United States,72415.0,41731.0,-7.0,2.0,7.0,-22.0,-22.0,5.0,-8.4,72887.29,72887.29
2021-11-10,USA,United States,72321.0,41806.0,-5.0,2.0,8.0,-21.0,-21.0,5.0,-7.4,72887.29,72887.29
2021-11-11,USA,United States,72962.0,41718.0,-2.0,2.0,8.0,-25.0,-33.0,8.0,-10.0,72887.29,72887.29
2021-11-12,USA,United States,74232.0,41633.0,-8.0,-3.0,-2.0,-22.0,-24.0,6.0,-11.8,72887.29,72887.29
2021-11-13,USA,United States,75546.0,41372.0,-5.0,0.0,11.0,-16.0,-10.0,2.0,-4.0,72887.29,72887.29
2021-11-14,USA,United States,76938.0,41872.0,-5.0,-2.0,-2.0,-15.0,-12.0,2.0,-7.2,79597.14,79597.14
2021-11-15,USA,United States,78252.0,43286.0,-7.0,1.0,-6.0,-22.0,-23.0,6.0,-11.4,79597.14,79597.14
2021-11-16,USA,United States,77896.0,44010.0,-6.0,3.0,1.0,-22.0,-22.0,5.0,-9.2,79597.14,79597.14
2021-11-17,USA,United States,78943.0,44366.0,-5.0,2.0,2.0,-21.0,-21.0,5.0,-8.6,79597.14,79597.14
2021-11-18,USA,United States,80838.0,45095.0,-5.0,2.0,-1.0,-20.0,-22.0,5.0,-9.2,79597.14,79597.14
2021-11-19,USA,United States,83025.0,45157.0,-7.0,-1.0,-6.0,-19.0,-21.0,5.0,-10.8,79597.14,79597.14
2021-11-20,USA,United States,86373.0,44825.0,-5.0,2.0,6.0,-10.0,-8.0,2.0,-3.0,79597.14,79597.14
2021-11-21,USA,United States,89921.0,45373.0,-5.0,0.0,-2.0,-12.0,-9.0,2.0,-5.6,96696.57,96696.57
2021-11-22,USA,United States,93269.0,46834.0,-2.0,8.0,-5.0,-21.0,-28.0,6.0,-9.6,96696.57,96696.57
2021-11-23,USA,United States,97032.0,47703.0,3.0,17.0,1.0,-17.0,-29.0,6.0,-5.0,96696.57,96696.57
2021-11-24,USA,United States,98532.0,47901.0,13.0,36.0,4.0,-12.0,-37.0,6.0,0.8,96696.57,96696.57
2021-11-25,USA,United States,97653.0,47297.0,-64.0,-26.0,-4.0,-46.0,-84.0,19.0,-44.8,96696.57,96696.57
2021-11-26,USA,United States,94277.0,48189.0,-12.0,-11.0,1.0,-38.0,-62.0,15.0,-24.4,96696.57,96696.57
2021-11-27,USA,United States,91914.0,49069.0,-14.0,-9.0,-2.0,-15.0,-19.0,4.0,-11.8,96696.57,96696.57
2021-11-28,USA,United States,89410.0,50165.0,-10.0,-7.0,-11.0,-7.0,-12.0,3.0,-9.4,84627.71,84627.71
2021-11-29,USA,United States,87047.0,51813.0,-8.0,0.0,-10.0,-21.0,-23.0,6.0,-12.4,84627.71,84627.71
2021-11-30,USA,United States,83204.0,52644.0,-7.0,2.0,-7.0,-21.0,-22.0,6.0,-11.0,84627.71,84627.71
2021-12-01,USA,United States,82442.0,53311.0,-4.0,4.0,-3.0,-21.0,-22.0,5.0,-9.2,84627.71,84627.71
2021-12-02,USA,United States,84513.0,53587.0,-6.0,3.0,2.0,-22.0,-22.0,6.0,-9.0,84627.71,84627.71
2021-12-03,USA,United States,89170.0,54392.0,-6.0,0.0,0.0,-22.0,-21.0,5.0,-9.8,84627.71,84627.71
2021-12-04,USA,United States,93607.0,54572.0,-5.0,1.0,9.0,-16.0,-6.0,2.0,-3.4,84627.71,84627.71
2021-12-05,USA,United States,98308.0,55670.0,-6.0,-1.0,-7.0,-17.0,-9.0,3.0,-8.0,107288.14,107288.14
2021-12-06,USA,United States,102745.0,57447.0,-9.0,1.0,-17.0,-25.0,-23.0,6.0,-14.6,107288.14,107288.14
2021-12-07,USA,United States,105384.0,58938.0,-7.0,2.0,-12.0,-25.0,-21.0,6.0,-12.6,107288.14,107288.14
2021-12-08,USA,United States,107960.0,59721.0,-6.0,1.0,-10.0,-24.0,-20.0,6.0,-11.8,107288.14,107288.14
2021-12-09,USA,United States,109665.0,60371.0,-6.0,2.0,-10.0,-24.0,-20.0,6.0,-11.6,107288.14,107288.14
2021-12-10,USA,United States,109692.0,61162.0,-9.0,-2.0,-9.0,-23.0,-20.0,6.0,-12.6,107288.14,107288.14
2021-12-11,USA,United States,112041.0,60921.0,-7.0,0.0,-6.0,-18.0,-5.0,2.0,-7.2,107288.14,107288.14
2021-12-12,USA,United States,114529.0,61722.0,-4.0,0.0,-9.0,-17.0,-7.0,2.0,-7.4,119281.29,119281.29
2021-12-13,USA,United States,116877.0,63084.0,-6.0,3.0,-13.0,-24.0,-21.0,6.0,-12.2,119281.29,119281.29
2021-12-14,USA,United States,118037.0,63244.0,-4.0,5.0,-10.0,-24.0,-21.0,6.0,-10.8,119281.29,119281.29
2021-12-15,USA,United States,119459.0,63226.0,-1.0,7.0,-8.0,-22.0,-21.0,5.0,-9.0,119281.29,119281.29
2021-12-16,USA,United States,120651.0,63105.0,0.0,7.0,-4.0,-21.0,-21.0,5.0,-7.8,119281.29,119281.29
2021-12-17,USA,United States,121118.0,63090.0,-4.0,2.0,-6.0,-20.0,-21.0,5.0,-9.8,119281.29,119281.29
2021-12-18,USA,United States,122912.0,62004.0,-5.0,3.0,-12.0,-13.0,-7.0,2.0,-6.8,119281.29,119281.29
2021-12-19,USA,United States,124813.0,62545.0,-1.0,2.0,-15.0,-14.0,-7.0,2.0,-7.0,128444.14,128444.14
2021-12-20,USA,United States,126607.0,63764.0,3.0,10.0,-10.0,-23.0,-30.0,7.0,-10.0,128444.14,128444.14
2021-12-21,USA,United States,124974.0,64086.0,5.0,14.0,-9.0,-22.0,-31.0,7.0,-8.6,128444.14,128444.14
2021-12-22,USA,United States,123584.0,65043.0,9.0,20.0,-5.0,-21.0,-33.0,7.0,-6.0,128444.14,128444.14
2021-12-23,USA,United States,128350.0,65661.0,14.0,35.0,-3.0,-22.0,-43.0,9.0,-3.8,128444.14,128444.14
2021-12-24,USA,United States,137333.0,65821.0,-20.0,20.0,-13.0,-39.0,-68.0,16.0,-24.0,128444.14,128444.14
2021-12-25,USA,United States,150537.0,66446.0,-77.0,-58.0,-29.0,-43.0,-66.0,10.0,-54.6,128444.14,128444.14
2021-12-26,USA,United States,165466.0,69732.0,-13.0,-10.0,-8.0,-19.0,-20.0,4.0,-14.0,202488.43,165466.285
2021-12-27,USA,United States,180396.0,74692.0,-6.0,-1.0,-6.0,-29.0,-48.0,13.0,-18.0,202488.43,202488.43
2021-12-28,USA,United States,185840.0,79671.0,-7.0,1.0,-3.0,-28.0,-44.0,12.0,-16.2,202488.43,202488.43
2021-12-29,USA,United States,189771.0,85506.0,-5.0,2.0,-8.0,-28.0,-44.0,12.0,-16.6,202488.43,202488.43
2021-12-30,USA,United States,205770.0,89961.0,-2.0,11.0,-3.0,-28.0,-46.0,13.0,-13.6,202488.43,202488.43
2021-12-31,USA,United States,227797.0,93776.0,-15.0,11.0,-5.0,-40.0,-62.0,17.0,-22.2,202488.43,202488.43
2022-01-01,USA,United States,257670.0,96539.0,-43.0,-33.0,-26.0,-41.0,-44.0,12.0,-37.4,202488.43,202488.43
2022-01-02,USA,United States,294961.0,102671.0,-20.0,-12.0,-26.0,-22.0,-17.0,7.0,-19.4,387434.0,294961.21499999997
2022-01-03,USA,United States,332252.0,108761.0,-14.0,-1.0,-24.0,-32.0,-38.0,13.0,-21.8,387434.0,387434.0
2022-01-04,USA,United States,353419.0,114846.0,-14.0,1.0,-19.0,-30.0,-30.0,11.0,-18.4,387434.0,387434.0
2022-01-05,USA,United States,368916.0,121444.0,-16.0,0.0,-19.0,-32.0,-28.0,10.0,-19.0,387434.0,387434.0
2022-01-06,USA,United States,397732.0,126976.0,-19.0,-2.0,-19.0,-33.0,-30.0,11.0,-20.6,387434.0,387434.0
2022-01-07,USA,United States,428993.0,131874.0,-24.0,-12.0,-28.0,-37.0,-31.0,13.0,-26.4,387434.0,387434.0
2022-01-08,USA,United States,471440.0,133576.0,-19.0,-6.0,-20.0,-30.0,-12.0,7.0,-17.4,387434.0,387434.0
2022-01-09,USA,United States,528210.0,137251.0,-21.0,-11.0,-26.0,-31.0,-14.0,7.0,-20.6,668985.29,528209.645
2022-01-10,USA,United States,584979.0,142248.0,-17.0,-4.0,-22.0,-34.0,-27.0,10.0,-20.8,668985.29,668985.29
2022-01-11,USA,United States,629384.0,145834.0,-18.0,-4.0,-19.0,-35.0,-27.0,10.0,-20.6,668985.29,668985.29
2022-01-12,USA,United States,662113.0,149670.0,-16.0,-3.0,-12.0,-32.0,-26.0,9.0,-17.8,668985.29,668985.29
2022-01-13,USA,United States,688047.0,151006.0,-16.0,-1.0,-9.0,-31.0,-27.0,9.0,-16.8,668985.29,668985.29
2022-01-14,USA,United States,697400.0,152033.0,-17.0,-4.0,-14.0,-31.0,-27.0,10.0,-18.6,668985.29,668985.29
2022-01-15,USA,United States,710247.0,149478.0,-20.0,-6.0,-20.0,-31.0,-13.0,7.0,-18.0,668985.29,668985.29
2022-01-16,USA,United States,738131.0,149973.0,-25.0,-16.0,-23.0,-35.0,-18.0,7.0,-23.4,807276.14,738130.7150000001
2022-01-17,USA,United States,766015.0,150873.0,-20.0,-12.0,-16.0,-41.0,-50.0,15.0,-27.8,807276.14,807276.14
2022-01-18,USA,United States,794319.0,153220.0,-18.0,-5.0,-13.0,-31.0,-28.0,9.0,-19.0,807276.14,807276.14
2022-01-19,USA,United States,815266.0,154497.0,-16.0,-4.0,-12.0,-31.0,-26.0,9.0,-17.8,807276.14,807276.14
2022-01-20,USA,United States,818443.0,152923.0,-19.0,-7.0,-18.0,-33.0,-27.0,10.0,-20.8,807276.14,807276.14
2022-01-21,USA,United States,802651.0,150229.0,-20.0,-11.0,-21.0,-33.0,-25.0,10.0,-22.0,807276.14,807276.14
2022-01-22,USA,United States,781359.0,145668.0,-19.0,-10.0,-16.0,-31.0,-11.0,6.0,-17.4,807276.14,807276.14
2022-01-23,USA,United States,763844.0,144757.0,-19.0,-12.0,-16.0,-29.0,-12.0,5.0,-17.6,720412.57,763844.355
2022-01-24,USA,United States,746330.0,144760.0,-19.0,-8.0,-16.0,-32.0,-25.0,9.0,-20.0,720412.57,720412.57
2022-01-25,USA,United States,738354.0,143297.0,-17.0,-6.0,-15.0,-32.0,-25.0,8.0,-19.0,720412.57,720412.57
2022-01-26,USA,United States,732550.0,141674.0,-16.0,-6.0,-15.0,-32.0,-24.0,8.0,-18.6,720412.57,720412.57
2022-01-27,USA,United States,716122.0,137503.0,-15.0,-4.0,-10.0,-30.0,-23.0,8.0,-16.4,720412.57,720412.57
2022-01-28,USA,United States,695269.0,133318.0,-16.0,-5.0,-15.0,-30.0,-22.0,8.0,-17.6,720412.57,720412.57
2022-01-29,USA,United States,666978.0,127041.0,-22.0,-15.0,-15.0,-36.0,-14.0,7.0,-20.4,720412.57,720412.57
2022-01-30,USA,United States,630868.0,125816.0,-18.0,-11.0,-15.0,-28.0,-11.0,4.0,-16.6,541323.14,630867.855
2022-01-31,USA,United States,594758.0,124054.0,-15.0,-4.0,-13.0,-30.0,-23.0,7.0,-17.0,541323.14,541323.14
2022-02-01,USA,United States,572416.0,120533.0,-10.0,4.0,-8.0,-28.0,-23.0,6.0,-13.0,541323.14,541323.14
2022-02-02,USA,United States,556025.0,117164.0,-17.0,-4.0,-15.0,-31.0,-26.0,9.0,-18.6,541323.14,541323.14
2022-02-03,USA,United States,530838.0,112652.0,-25.0,-12.0,-19.0,-36.0,-33.0,13.0,-25.0,541323.14,541323.14
2022-02-04,USA,United States,506360.0,107664.0,-23.0,-15.0,-22.0,-35.0,-31.0,13.0,-25.2,541323.14,541323.14
2022-02-05,USA,United States,473101.0,101670.0,-13.0,-6.0,-9.0,-26.0,-8.0,4.0,-12.4,541323.14,541323.14
2022-02-06,USA,United States,426998.0,99064.0,-12.0,-7.0,-7.0,-25.0,-9.0,3.0,-12.0,312672.86,426998.0
2022-02-07,USA,United States,380895.0,97280.0,-14.0,-5.0,-11.0,-28.0,-22.0,7.0,-16.0,312672.86,312672.86
2022-02-08,USA,United States,345915.0,93609.0,-12.0,-3.0,-5.0,-27.0,-22.0,6.0,-13.8,312672.86,312672.86
2022-02-09,USA,United States,320147.0,90113.0,-10.0,-2.0,0.0,-26.0,-21.0,6.0,-11.8,312672.86,312672.86
2022-02-10,USA,United States,297493.0,86034.0,-11.0,-1.0,4.0,-25.0,-21.0,6.0,-10.8,312672.86,312672.86
2022-02-11,USA,United States,286502.0,81494.0,-11.0,-3.0,3.0,-24.0,-20.0,6.0,-11.0,312672.86,312672.86
2022-02-12,USA,United States,271473.0,76807.0,-8.0,2.0,12.0,-20.0,-7.0,2.0,-4.2,312672.86,312672.86
2022-02-13,USA,United States,243630.0,74334.0,-16.0,4.0,-15.0,-25.0,-10.0,2.0,-12.4,174587.43,243630.145
2022-02-14,USA,United States,215788.0,72085.0,-5.0,6.0,-7.0,-27.0,-23.0,6.0,-11.2,174587.43,174587.43
2022-02-15,USA,United States,194245.0,68705.0,-14.0,-5.0,-4.0,-26.0,-21.0,6.0,-14.0,174587.43,174587.43
2022-02-16,USA,United States,178369.0,65247.0,-11.0,-4.0,0.0,-25.0,-20.0,6.0,-12.0,174587.43,174587.43
2022-02-17,USA,United States,165304.0,61859.0,-15.0,-7.0,-2.0,-26.0,-22.0,7.0,-14.4,174587.43,174587.43
2022-02-18,USA,United States,159980.0,58681.0,-13.0,-9.0,-4.0,-24.0,-23.0,7.0,-14.6,174587.43,174587.43
2022-02-19,USA,United States,152681.0,54814.0,-9.0,-6.0,6.0,-19.0,-8.0,3.0,-7.2,174587.43,174587.43
2022-02-20,USA,United States,137876.0,52974.0,-6.0,-6.0,11.0,-19.0,-10.0,2.0,-6.0,101165.14,137876.285
2022-02-21,USA,United States,123072.0,51305.0,-7.0,-4.0,14.0,-29.0,-38.0,9.0,-12.8,101165.14,101165.14
2022-02-22,USA,United States,112975.0,49428.0,-14.0,-7.0,-10.0,-28.0,-24.0,7.0,-16.6,101165.14,101165.14
2022-02-23,USA,United States,102556.0,47038.0,-13.0,-6.0,-4.0,-27.0,-23.0,7.0,-14.6,101165.14,101165.14
2022-02-24,USA,United States,94359.0,44380.0,-15.0,-7.0,-9.0,-28.0,-25.0,8.0,-16.8,101165.14,101165.14
2022-02-25,USA,United States,90928.0,42035.0,-15.0,-12.0,-11.0,-29.0,-23.0,8.0,-18.0,101165.14,101165.14
2022-02-26,USA,United States,87019.0,39278.0,-9.0,-6.0,1.0,-20.0,-7.0,2.0,-8.2,101165.14,101165.14
2022-02-27,USA,United States,79613.0,37964.0,-8.0,-6.0,-3.0,-19.0,-9.0,2.0,-9.0,65467.43,65467.43
2022-02-28,USA,United States,72624.0,36982.0,-10.0,-4.0,-2.0,-25.0,-21.0,5.0,-12.4,65467.43,65467.43
2022-03-01,USA,United States,68390.0,35342.0,-7.0,-1.0,8.0,-24.0,-21.0,5.0,-9.0,65467.43,65467.43
2022-03-02,USA,United States,64351.0,33770.0,-8.0,-3.0,11.0,-24.0,-20.0,4.0,-8.8,65467.43,65467.43
2022-03-03,USA,United States,61760.0,31996.0,-8.0,-2.0,7.0,-25.0,-20.0,4.0,-9.6,65467.43,65467.43
2022-03-04,USA,United States,61866.0,29869.0,-10.0,-7.0,0.0,-25.0,-19.0,5.0,-12.2,65467.43,65467.43
2022-03-05,USA,United States,58348.0,27801.0,-7.0,-4.0,19.0,-20.0,-7.0,1.0,-3.8,65467.43,65467.43
2022-03-06,USA,United States,54621.0,27011.0,-7.0,-5.0,10.0,-20.0,-9.0,2.0,-6.2,47501.29,47501.29
2022-03-07,USA,United States,51103.0,26401.0,-14.0,-6.0,-5.0,-27.0,-21.0,6.0,-14.6,47501.29,47501.29
2022-03-08,USA,United States,49390.0,25188.0,-12.0,-5.0,-2.0,-27.0,-20.0,5.0,-13.2,47501.29,47501.29
2022-03-09,USA,United States,47253.0,24175.0,-13.0,-7.0,-6.0,-28.0,-20.0,6.0,-14.8,47501.29,47501.29
2022-03-10,USA,United States,45438.0,22841.0,-12.0,-5.0,1.0,-27.0,-20.0,5.0,-12.6,47501.29,47501.29
2022-03-11,USA,United States,44690.0,21501.0,-14.0,-8.0,-4.0,-27.0,-21.0,6.0,-14.8,47501.29,47501.29
2022-03-12,USA,United States,41943.0,20232.0,-16.0,-13.0,-13.0,-26.0,-10.0,4.0,-15.6,47501.29,47501.29
2022-03-13,USA,United States,39034.0,19546.0,-10.0,-8.0,0.0,-20.0,-9.0,2.0,-9.4,33476.0,33476.0
2022-03-14,USA,United States,36288.0,19020.0,-12.0,-5.0,12.0,-26.0,-24.0,6.0,-11.0,33476.0,33476.0
2022-03-15,USA,United States,34339.0,18519.0,-10.0,-4.0,19.0,-25.0,-23.0,5.0,-8.6,33476.0,33476.0
2022-03-16,USA,United States,32823.0,17945.0,-7.0,-4.0,25.0,-24.0,-22.0,5.0,-6.4,33476.0,33476.0
2022-03-17,USA,United States,32154.0,17394.0,-9.0,-5.0,20.0,-25.0,-23.0,5.0,-8.4,33476.0,33476.0
2022-03-18,USA,United States,32743.0,16540.0,-11.0,-9.0,15.0,-24.0,-24.0,5.0,-10.6,33476.0,33476.0
2022-03-19,USA,United States,32027.0,15659.0,-9.0,-6.0,19.0,-19.0,-8.0,1.0,-4.6,33476.0,33476.0
2022-03-20,USA,United States,31269.0,15341.0,-6.0,-5.0,24.0,-15.0,-9.0,1.0,-2.2,29820.0,29820.0
2022-03-21,USA,United States,30553.0,15071.0,-12.0,-6.0,16.0,-26.0,-22.0,5.0,-10.0,29820.0,29820.0
2022-03-22,USA,United States,30148.0,14553.0,-12.0,-6.0,12.0,-26.0,-21.0,5.0,-10.6,29820.0,29820.0
2022-03-23,USA,United States,29727.0,14170.0,-11.0,-7.0,4.0,-26.0,-21.0,5.0,-12.2,29820.0,29820.0
2022-03-24,USA,United States,29427.0,13623.0,-11.0,-6.0,9.0,-26.0,-21.0,5.0,-11.0,29820.0,29820.0
2022-03-25,USA,United States,29383.0,13100.0,-11.0,-8.0,12.0,-25.0,-20.0,4.0,-10.4,29820.0,29820.0
2022-03-26,USA,United States,28956.0,12574.0,-9.0,-6.0,22.0,-20.0,-7.0,1.0,-4.0,29820.0,29820.0
2022-03-27,USA,United States,28503.0,12203.0,-8.0,-6.0,10.0,-18.0,-9.0,1.0,-6.2,27638.43,27638.43
2022-03-28,USA,United States,28076.0,12094.0,-14.0,-8.0,-1.0,-28.0,-21.0,6.0,-14.4,27638.43,27638.43
2022-03-29,USA,United States,27713.0,11810.0,-12.0,-6.0,7.0,-27.0,-20.0,5.0,-11.6,27638.43,27638.43
2022-03-30,USA,United States,27492.0,11545.0,-11.0,-7.0,8.0,-27.0,-20.0,5.0,-11.4,27638.43,27638.43
2022-03-31,USA,United States,27461.0,11294.0,-10.0,-6.0,8.0,-26.0,-20.0,5.0,-10.8,27638.43,27638.43
2022-04-01,USA,United States,27667.0,10900.0,-8.0,-5.0,11.0,-24.0,-19.0,4.0,-9.0,27638.43,27638.43
2022-04-02,USA,United States,27695.0,10526.0,-7.0,-4.0,29.0,-19.0,-7.0,1.0,-1.6,27638.43,27638.43
2022-04-03,USA,United States,27724.0,10380.0,-6.0,-4.0,15.0,-18.0,-8.0,1.0,-4.2,27780.57,27780.57
2022-04-04,USA,United States,27752.0,10515.0,-11.0,-4.0,12.0,-26.0,-21.0,4.0,-10.0,27780.57,27780.57
2022-04-05,USA,United States,27694.0,10479.0,-11.0,-4.0,13.0,-25.0,-21.0,5.0,-9.6,27780.57,27780.57
2022-04-06,USA,United States,27729.0,10418.0,-10.0,-5.0,11.0,-25.0,-20.0,5.0,-9.8,27780.57,27780.57
2022-04-07,USA,United States,27831.0,10402.0,-10.0,-5.0,12.0,-25.0,-20.0,5.0,-9.6,27780.57,27780.57
2022-04-08,USA,United States,27973.0,10218.0,-9.0,-5.0,13.0,-23.0,-20.0,4.0,-8.8,27780.57,27780.57
2022-04-09,USA,United States,28161.0,9875.0,-6.0,-2.0,28.0,-17.0,-7.0,1.0,-0.8,27780.57,27780.57
2022-04-10,USA,United States,28361.0,9866.0,-4.0,-2.0,24.0,-15.0,-8.0,0.0,-1.0,28741.71,28741.71
2022-04-11,USA,United States,28549.0,10090.0,-10.0,-2.0,16.0,-25.0,-21.0,5.0,-8.4,28741.71,28741.71
2022-04-12,USA,United States,28143.0,10112.0,-9.0,-2.0,24.0,-24.0,-21.0,4.0,-6.4,28741.71,28741.71
2022-04-13,USA,United States,28382.0,10163.0,-8.0,-3.0,18.0,-25.0,-21.0,4.0,-7.8,28741.71,28741.71
2022-04-14,USA,United States,29087.0,10199.0,-5.0,1.0,24.0,-23.0,-22.0,4.0,-5.0,28741.71,28741.71
2022-04-15,USA,United States,30080.0,10298.0,-6.0,0.0,27.0,-26.0,-35.0,7.0,-8.0,28741.71,28741.71
2022-04-16,USA,United States,31388.0,9958.0,-8.0,7.0,28.0,-22.0,-13.0,1.0,-1.6,28741.71,28741.71
2022-04-17,USA,United States,32774.0,10152.0,-31.0,-17.0,21.0,-22.0,-23.0,0.0,-14.4,35419.86,35419.86
2022-04-18,USA,United States,34081.0,10413.0,-12.0,-7.0,5.0,-27.0,-27.0,6.0,-13.6,35419.86,35419.86
2022-04-19,USA,United States,34522.0,10676.0,-11.0,-5.0,15.0,-26.0,-21.0,5.0,-9.6,35419.86,35419.86
2022-04-20,USA,United States,35366.0,10919.0,-8.0,-4.0,22.0,-24.0,-20.0,4.0,-6.8,35419.86,35419.86
2022-04-21,USA,United States,36279.0,11101.0,-8.0,-3.0,29.0,-24.0,-21.0,4.0,-5.4,35419.86,35419.86
2022-04-22,USA,United States,36931.0,11205.0,-8.0,-6.0,27.0,-23.0,-21.0,4.0,-6.2,35419.86,35419.86
2022-04-23,USA,United States,38408.0,11236.0,-5.0,-2.0,59.0,-16.0,-7.0,0.0,5.8,35419.86,35419.86
2022-04-24,USA,United States,39972.0,11460.0,-4.0,-2.0,39.0,-14.0,-9.0,0.0,2.0,42960.14,42960.14
2022-04-25,USA,United States,41449.0,11920.0,-10.0,-3.0,16.0,-24.0,-20.0,4.0,-8.2,42960.14,42960.14
2022-04-26,USA,United States,41728.0,12352.0,-9.0,-2.0,17.0,-24.0,-19.0,4.0,-7.4,42960.14,42960.14
2022-04-27,USA,United States,42735.0,12756.0,-7.0,-2.0,22.0,-23.0,-18.0,3.0,-5.6,42960.14,42960.14
2022-04-28,USA,United States,44033.0,12926.0,-7.0,-1.0,26.0,-22.0,-19.0,3.0,-4.6,42960.14,42960.14
2022-04-29,USA,United States,45189.0,13009.0,-7.0,-3.0,26.0,-21.0,-19.0,3.0,-4.8,42960.14,42960.14
2022-04-30,USA,United States,47366.0,12851.0,-5.0,-1.0,47.0,-16.0,-7.0,0.0,3.6,42960.14,42960.14
2022-05-01,USA,United States,49673.0,13150.0,-3.0,0.0,34.0,-14.0,-8.0,0.0,1.8,54078.43,54078.43
2022-05-02,USA,United States,51850.0,13807.0,-8.0,0.0,18.0,-25.0,-20.0,4.0,-7.0,54078.43,54078.43
2022-05-03,USA,United States,52594.0,14229.0,-6.0,2.0,21.0,-23.0,-19.0,4.0,-5.0,54078.43,54078.43
2022-05-04,USA,United States,53995.0,14555.0,-6.0,1.0,22.0,-23.0,-19.0,3.0,-5.0,54078.43,54078.43
2022-05-05,USA,United States,55505.0,14869.0,-4.0,2.0,29.0,-22.0,-19.0,3.0,-2.8,54078.43,54078.43
2022-05-06,USA,United States,56573.0,14941.0,-7.0,-2.0,13.0,-23.0,-20.0,4.0,-7.8,54078.43,54078.43
2022-05-07,USA,United States,59010.0,15051.0,-2.0,7.0,36.0,-18.0,-9.0,0.0,2.8,54078.43,54078.43
2022-05-08,USA,United States,61591.0,15307.0,2.0,6.0,25.0,-15.0,-10.0,-1.0,1.6,66522.57,66522.57
2022-05-09,USA,United States,64028.0,15618.0,-8.0,-1.0,29.0,-23.0,-21.0,4.0,-4.8,66522.57,66522.57
2022-05-10,USA,United States,64360.0,16288.0,-5.0,1.0,37.0,-22.0,-20.0,3.0,-1.8,66522.57,66522.57
2022-05-11,USA,United States,66053.0,16772.0,-6.0,0.0,35.0,-22.0,-19.0,3.0,-2.4,66522.57,66522.57
2022-05-12,USA,United States,68355.0,17349.0,-6.0,0.0,39.0,-21.0,-20.0,3.0,-1.6,66522.57,66522.57
2022-05-13,USA,United States,70512.0,17840.0,-8.0,-3.0,35.0,-21.0,-20.0,3.0,-3.4,66522.57,66522.57
2022-05-14,USA,United States,74408.0,17906.0,-6.0,-1.0,57.0,-15.0,-9.0,0.0,5.2,66522.57,66522.57
2022-05-15,USA,United States,78537.0,18359.0,-4.0,0.0,45.0,-12.0,-9.0,0.0,4.0,86422.14,86422.14
2022-05-16,USA,United States,82433.0,19377.0,-9.0,-1.0,28.0,-23.0,-21.0,4.0,-5.2,86422.14,86422.14
2022-05-17,USA,United States,84081.0,20075.0,-7.0,0.0,40.0,-21.0,-20.0,3.0,-1.6,86422.14,86422.14
2022-05-18,USA,United States,86510.0,20473.0,-6.0,-1.0,31.0,-21.0,-20.0,3.0,-3.4,86422.14,86422.14
2022-05-19,USA,United States,88825.0,20650.0,-6.0,0.0,36.0,-21.0,-21.0,3.0,-2.4,86422.14,86422.14
2022-05-20,USA,United States,90132.0,20903.0,-8.0,-4.0,30.0,-21.0,-21.0,3.0,-4.8,86422.14,86422.14
2022-05-21,USA,United States,93755.0,20623.0,-8.0,-1.0,53.0,-14.0,-9.0,0.0,4.2,86422.14,86422.14
2022-05-22,USA,United States,97595.0,21051.0,-5.0,-1.0,40.0,-12.0,-10.0,0.0,2.4,104927.86,104927.86
2022-05-23,USA,United States,101218.0,21887.0,-8.0,-1.0,27.0,-22.0,-22.0,4.0,-5.2,104927.86,104927.86
2022-05-24,USA,United States,104120.0,22040.0,-7.0,-1.0,30.0,-22.0,-22.0,4.0,-4.4,104927.86,104927.86
2022-05-25,USA,United States,106037.0,22188.0,-5.0,0.0,28.0,-21.0,-22.0,4.0,-4.0,104927.86,104927.86
2022-05-26,USA,United States,106516.0,22392.0,-4.0,1.0,34.0,-19.0,-23.0,4.0,-2.2,104927.86,104927.86
2022-05-27,USA,United States,105106.0,22493.0,-7.0,-1.0,36.0,-19.0,-27.0,4.0,-3.6,104927.86,104927.86
2022-05-28,USA,United States,105280.0,22059.0,-9.0,1.0,60.0,-14.0,-15.0,0.0,4.6,104927.86,104927.86
2022-05-29,USA,United States,105465.0,22352.0,-4.0,1.0,79.0,-13.0,-14.0,-2.0,9.8,105817.14,105817.14
2022-05-30,USA,United States,105639.0,22820.0,-11.0,-4.0,82.0,-34.0,-72.0,14.0,-7.8,105817.14,105817.14
2022-05-31,USA,United States,106562.0,23974.0,-7.0,2.0,38.0,-20.0,-26.0,4.0,-2.6,105817.14,105817.14
2022-06-01,USA,United States,106458.0,24718.0,-5.0,2.0,33.0,-20.0,-24.0,4.0,-2.8,105817.14,105817.14
2022-06-02,USA,United States,105523.0,24902.0,-6.0,1.0,39.0,-21.0,-25.0,4.0,-2.4,105817.14,105817.14
2022-06-03,USA,United States,103953.0,24723.0,-7.0,-1.0,41.0,-20.0,-25.0,4.0,-2.4,105817.14,105817.14
2022-06-04,USA,United States,102132.0,24076.0,-8.0,0.0,64.0,-12.0,-9.0,0.0,7.0,105817.14,105817.14
2022-06-05,USA,United States,100203.0,24305.0,-5.0,0.0,53.0,-10.0,-10.0,0.0,5.6,96518.14,96518.14
2022-06-06,USA,United States,98382.0,24716.0,-8.0,0.0,34.0,-21.0,-27.0,5.0,-4.4,96518.14,96518.14
2022-06-07,USA,United States,96102.0,24981.0,-7.0,0.0,38.0,-21.0,-26.0,5.0,-3.2,96518.14,96518.14
2022-06-08,USA,United States,95345.0,25421.0,-6.0,-1.0,37.0,-20.0,-26.0,5.0,-3.2,96518.14,96518.14
2022-06-09,USA,United States,96108.0,25600.0,-6.0,0.0,47.0,-20.0,-27.0,5.0,-1.2,96518.14,96518.14
2022-06-10,USA,United States,98392.0,25365.0,-8.0,-3.0,44.0,-19.0,-28.0,4.0,-2.8,96518.14,96518.14
2022-06-11,USA,United States,100221.0,24983.0,-9.0,-1.0,62.0,-11.0,-10.0,0.0,6.2,96518.14,96518.14
2022-06-12,USA,United States,102160.0,25159.0,-6.0,-1.0,43.0,-10.0,-10.0,0.0,3.2,105863.43,105863.43
2022-06-13,USA,United States,103990.0,25689.0,-8.0,-1.0,34.0,-21.0,-28.0,5.0,-4.8,105863.43,105863.43
2022-06-14,USA,United States,106318.0,26042.0,-7.0,0.0,42.0,-20.0,-27.0,5.0,-2.4,105863.43,105863.43
2022-06-15,USA,United States,107070.0,26413.0,-5.0,1.0,43.0,-19.0,-27.0,5.0,-1.4,105863.43,105863.43
2022-06-16,USA,United States,106258.0,26235.0,-6.0,1.0,44.0,-19.0,-28.0,5.0,-1.6,105863.43,105863.43
2022-06-17,USA,United States,103893.0,26221.0,-8.0,-1.0,48.0,-18.0,-30.0,5.0,-1.8,105863.43,105863.43
2022-06-18,USA,United States,101969.0,25557.0,-7.0,4.0,69.0,-9.0,-11.0,-1.0,9.2,105863.43,105863.43
2022-06-19,USA,United States,99931.0,25736.0,-3.0,3.0,59.0,-9.0,-12.0,-2.0,7.6,96036.57,96036.57
2022-06-20,USA,United States,98007.0,26414.0,-7.0,-1.0,49.0,-23.0,-37.0,7.0,-3.8,96036.57,96036.57
2022-06-21,USA,United States,95978.0,26719.0,-7.0,0.0,46.0,-20.0,-28.0,5.0,-1.8,96036.57,96036.57
2022-06-22,USA,United States,95082.0,27312.0,-7.0,-1.0,40.0,-20.0,-28.0,5.0,-3.2,96036.57,96036.57
2022-06-23,USA,United States,95424.0,27712.0,-7.0,0.0,51.0,-19.0,-29.0,5.0,-0.8,96036.57,96036.57
2022-06-24,USA,United States,97107.0,27794.0,-9.0,-3.0,52.0,-18.0,-30.0,5.0,-1.6,96036.57,96036.57
2022-06-25,USA,United States,98153.0,27675.0,-10.0,-1.0,70.0,-10.0,-10.0,0.0,7.8,96036.57,96036.57
2022-06-26,USA,United States,99261.0,28123.0,-7.0,-2.0,57.0,-6.0,-9.0,0.0,6.6,101376.71,101376.71
2022-06-27,USA,United States,100306.0,29133.0,-9.0,-2.0,37.0,-21.0,-30.0,5.0,-5.0,101376.71,101376.71
2022-06-28,USA,United States,100396.0,29548.0,-7.0,0.0,49.0,-20.0,-29.0,5.0,-1.4,101376.71,101376.71
2022-06-29,USA,United States,101136.0,29938.0,-6.0,0.0,48.0,-19.0,-29.0,5.0,-1.2,101376.71,101376.71
2022-06-30,USA,United States,102188.0,30017.0,-4.0,3.0,53.0,-17.0,-30.0,5.0,1.0,101376.71,101376.71
2022-07-01,USA,United States,103213.0,30087.0,-5.0,5.0,51.0,-16.0,-33.0,5.0,0.4,101376.71,101376.71
2022-07-02,USA,United States,105007.0,29807.0,-10.0,5.0,67.0,-10.0,-15.0,0.0,7.4,101376.71,101376.71
2022-07-03,USA,United States,106908.0,30088.0,-5.0,6.0,86.0,-12.0,-14.0,-2.0,12.2,110538.86,110538.86
2022-07-04,USA,United States,108702.0,30720.0,-20.0,-5.0,127.0,-36.0,-75.0,14.0,-1.8,110538.86,110538.86
2022-07-05,USA,United States,110535.0,32096.0,-9.0,1.0,33.0,-20.0,-36.0,7.0,-6.2,110538.86,110538.86
2022-07-06,USA,United States,111385.0,33435.0,-8.0,0.0,41.0,-21.0,-31.0,6.0,-3.8,110538.86,110538.86
2022-07-07,USA,United States,111138.0,33925.0,-7.0,1.0,48.0,-21.0,-31.0,5.0,-2.0,110538.86,110538.86
2022-07-08,USA,United States,109680.0,34217.0,-10.0,-4.0,40.0,-22.0,-31.0,6.0,-5.4,110538.86,110538.86
2022-07-09,USA,United States,108840.0,33571.0,-11.0,-2.0,59.0,-12.0,-10.0,0.0,4.8,110538.86,110538.86
2022-07-10,USA,United States,107951.0,34039.0,-7.0,-2.0,53.0,-9.0,-10.0,0.0,5.0,106252.71,106252.71
2022-07-11,USA,United States,107112.0,35321.0,-9.0,-1.0,40.0,-21.0,-31.0,5.0,-4.4,106252.71,106252.71
2022-07-12,USA,United States,104691.0,36028.0,-8.0,-1.0,43.0,-21.0,-30.0,5.0,-3.4,106252.71,106252.71
2022-07-13,USA,United States,104684.0,36788.0,-7.0,-1.0,46.0,-20.0,-29.0,5.0,-2.2,106252.71,106252.71
2022-07-14,USA,United States,106711.0,37170.0,-8.0,0.0,52.0,-19.0,-30.0,5.0,-1.0,106252.71,106252.71
2022-07-15,USA,United States,110390.0,36997.0,-11.0,-5.0,48.0,-20.0,-31.0,6.0,-3.8,106252.71,106252.71
2022-07-16,USA,United States,114431.0,36300.0,-11.0,-2.0,61.0,-11.0,-10.0,0.0,5.4,106252.71,106252.71
2022-07-17,USA,United States,118712.0,36791.0,-8.0,-2.0,46.0,-9.0,-10.0,1.0,3.4,126889.86,126889.86
2022-07-18,USA,United States,122753.0,38047.0,-10.0,-2.0,33.0,-22.0,-31.0,10.0,-6.4,126889.86,126889.86
2022-07-19,USA,United States,125827.0,38840.0,-8.0,-1.0,42.0,-21.0,-30.0,10.0,-3.6,126889.86,126889.86
2022-07-20,USA,United States,128005.0,39366.0,-7.0,-1.0,43.0,-20.0,-29.0,5.0,-2.8,126889.86,126889.86
2022-07-21,USA,United States,128738.0,39394.0,-8.0,0.0,47.0,-20.0,-30.0,5.0,-2.2,126889.86,126889.86
2022-07-22,USA,United States,127476.0,39177.0,-10.0,-2.0,46.0,-19.0,-30.0,6.0,-3.0,126889.86,126889.86
2022-07-23,USA,United States,128048.0,38487.0,-11.0,-2.0,57.0,-11.0,-10.0,1.0,4.6,126889.86,126889.86
2022-07-24,USA,United States,128655.0,38668.0,-8.0,-3.0,42.0,-10.0,-10.0,1.0,2.2,129813.57,129813.57
2022-07-25,USA,United States,129227.0,39693.0,-10.0,-2.0,32.0,-21.0,-31.0,7.0,-6.4,129813.57,129813.57
2022-07-26,USA,United States,129227.0,39965.0,-7.0,1.0,41.0,-20.0,-29.0,6.0,-2.8,129813.57,129813.57
2022-07-27,USA,United States,129644.0,40250.0,-6.0,0.0,43.0,-19.0,-29.0,5.0,-2.2,129813.57,129813.57
2022-07-28,USA,United States,130281.0,40131.0,-6.0,1.0,47.0,-19.0,-29.0,5.0,-1.2,129813.57,129813.57
2022-07-29,USA,United States,130939.0,39540.0,-8.0,2.0,46.0,-18.0,-30.0,5.0,-1.6,129813.57,129813.57
2022-07-30,USA,United States,132038.0,38395.0,-9.0,-1.0,66.0,-9.0,-9.0,0.0,7.6,129813.57,129813.57
2022-07-31,USA,United States,133202.0,38690.0,-6.0,-1.0,49.0,-7.0,-9.0,0.0,5.2,135426.14,135426.14
2022-08-01,USA,United States,134301.0,39446.0,-6.0,2.0,33.0,-20.0,-30.0,6.0,-4.2,135426.14,135426.14
2022-08-02,USA,United States,137121.0,39536.0,-5.0,1.0,44.0,-20.0,-29.0,6.0,-1.8,135426.14,135426.14
2022-08-03,USA,United States,137217.0,39865.0,-4.0,2.0,40.0,-20.0,-29.0,5.0,-2.2,135426.14,135426.14
2022-08-04,USA,United States,134992.0,39226.0,-5.0,1.0,44.0,-20.0,-29.0,5.0,-1.8,135426.14,135426.14
2022-08-05,USA,United States,130846.0,38974.0,-8.0,-2.0,40.0,-20.0,-30.0,5.0,-4.0,135426.14,135426.14
2022-08-06,USA,United States,126372.0,37959.0,-9.0,0.0,57.0,-10.0,-10.0,0.0,5.6,135426.14,135426.14
2022-08-07,USA,United States,121632.0,38038.0,-6.0,0.0,40.0,-9.0,-9.0,0.0,3.2,112578.71,112578.71
2022-08-08,USA,United States,117159.0,38319.0,-8.0,0.0,30.0,-21.0,-30.0,6.0,-5.8,112578.71,112578.71
2022-08-09,USA,United States,114520.0,38477.0,-7.0,0.0,36.0,-21.0,-29.0,5.0,-4.2,112578.71,112578.71
2022-08-10,USA,United States,111918.0,38269.0,-6.0,0.0,39.0,-20.0,-28.0,5.0,-3.0,112578.71,112578.71
2022-08-11,USA,United States,110172.0,37896.0,-6.0,1.0,46.0,-20.0,-28.0,5.0,-1.4,112578.71,112578.71
2022-08-12,USA,United States,110103.0,37286.0,-9.0,-3.0,45.0,-19.0,-29.0,4.0,-3.0,112578.71,112578.71
2022-08-13,USA,United States,107686.0,35823.0,-9.0,0.0,64.0,-10.0,-9.0,0.0,7.2,112578.71,112578.71
2022-08-14,USA,United States,105124.0,36056.0,-5.0,0.0,47.0,-8.0,-8.0,1.0,5.2,100231.14,100231.14
2022-08-15,USA,United States,102706.0,36801.0,-7.0,0.0,33.0,-21.0,-29.0,7.0,-4.8,100231.14,100231.14
2022-08-16,USA,United States,101400.0,36506.0,-6.0,1.0,39.0,-20.0,-28.0,7.0,-2.8,100231.14,100231.14
2022-08-17,USA,United States,99964.0,36275.0,-5.0,0.0,39.0,-20.0,-27.0,7.0,-2.6,100231.14,100231.14
2022-08-18,USA,United States,98874.0,35573.0,-6.0,0.0,47.0,-19.0,-27.0,7.0,-1.0,100231.14,100231.14
2022-08-19,USA,United States,98608.0,34961.0,-8.0,-3.0,42.0,-19.0,-28.0,7.0,-3.2,100231.14,100231.14
2022-08-20,USA,United States,97022.0,33887.0,-8.0,-1.0,58.0,-11.0,-9.0,2.0,5.8,100231.14,100231.14
2022-08-21,USA,United States,95342.0,34097.0,-6.0,-1.0,39.0,-9.0,-8.0,2.0,3.0,92132.14,92132.14
2022-08-22,USA,United States,93756.0,34720.0,-9.0,-2.0,25.0,-22.0,-28.0,8.0,-7.2,92132.14,92132.14
2022-08-23,USA,United States,92868.0,34472.0,-8.0,0.0,37.0,-20.0,-27.0,7.0,-3.6,92132.14,92132.14
2022-08-24,USA,United States,91933.0,34085.0,-7.0,-1.0,38.0,-20.0,-26.0,7.0,-3.2,92132.14,92132.14
2022-08-25,USA,United States,91257.0,33568.0,-7.0,-1.0,41.0,-20.0,-26.0,7.0,-2.6,92132.14,92132.14
2022-08-26,USA,United States,91141.0,33132.0,-9.0,-4.0,35.0,-20.0,-26.0,6.0,-4.8,92132.14,92132.14
2022-08-27,USA,United States,90174.0,32073.0,-9.0,-1.0,61.0,-13.0,-8.0,2.0,6.0,92132.14,92132.14
2022-08-28,USA,United States,89148.0,32133.0,-6.0,-1.0,40.0,-11.0,-8.0,1.0,2.8,87189.86,87189.86
2022-08-29,USA,United States,88181.0,32571.0,-11.0,-2.0,24.0,-22.0,-27.0,6.0,-7.6,87189.86,87189.86
2022-08-30,USA,United States,87745.0,32463.0,-9.0,-1.0,28.0,-21.0,-25.0,5.0,-5.6,87189.86,87189.86
2022-08-31,USA,United States,87148.0,32441.0,-6.0,0.0,31.0,-19.0,-25.0,4.0,-3.8,87189.86,87189.86
2022-09-01,USA,United States,86605.0,31491.0,-4.0,4.0,37.0,-17.0,-26.0,3.0,-1.2,87189.86,87189.86
2022-09-02,USA,United States,86332.0,30932.0,-6.0,2.0,40.0,-16.0,-28.0,3.0,-1.6,87189.86,87189.86
2022-09-03,USA,United States,85493.0,29864.0,-7.0,2.0,59.0,-11.0,-14.0,0.0,5.8,87189.86,87189.86
2022-09-04,USA,United States,84605.0,29694.0,-4.0,0.0,59.0,-14.0,-13.0,-1.0,5.6,82909.0,82909.0
2022-09-05,USA,United States,83767.0,30329.0,-11.0,-4.0,44.0,-33.0,-72.0,16.0,-15.2,82909.0,82909.0
2022-09-06,USA,United States,84647.0,31065.0,-10.0,1.0,17.0,-20.0,-26.0,4.0,-7.6,82909.0,82909.0
2022-09-07,USA,United States,83816.0,30928.0,-9.0,0.0,25.0,-20.0,-23.0,4.0,-5.4,82909.0,82909.0
2022-09-08,USA,United States,81809.0,30445.0,-9.0,0.0,34.0,-19.0,-23.0,3.0,-3.4,82909.0,82909.0
2022-09-09,USA,United States,79162.0,29873.0,-10.0,-4.0,29.0,-19.0,-22.0,3.0,-5.2,82909.0,82909.0
2022-09-10,USA,United States,75501.0,27877.0,-9.0,-2.0,51.0,-13.0,-8.0,1.0,3.8,82909.0,82909.0
2022-09-11,USA,United States,71623.0,27990.0,-10.0,-3.0,16.0,-14.0,-8.0,1.0,-3.8,64215.57,64215.57
2022-09-12,USA,United States,67963.0,28291.0,-11.0,-2.0,19.0,-20.0,-23.0,4.0,-7.4,64215.57,64215.57
2022-09-13,USA,United States,65467.0,27824.0,-9.0,-1.0,29.0,-19.0,-23.0,3.0,-4.6,64215.57,64215.57
2022-09-14,USA,United States,63422.0,27443.0,-8.0,-1.0,31.0,-18.0,-22.0,3.0,-3.6,64215.57,64215.57
2022-09-15,USA,United States,62406.0,26772.0,-7.0,0.0,37.0,-17.0,-23.0,3.0,-2.0,64215.57,64215.57
2022-09-16,USA,United States,62995.0,26096.0,-9.0,-4.0,33.0,-18.0,-23.0,3.0,-4.2,64215.57,64215.57
2022-09-17,USA,United States,61804.0,25096.0,-8.0,-1.0,62.0,-11.0,-9.0,-1.0,6.6,64215.57,64215.57
2022-09-18,USA,United States,60541.0,25162.0,-7.0,-2.0,36.0,-10.0,-9.0,0.0,1.6,58128.71,58128.71
2022-09-19,USA,United States,59349.0,25866.0,-11.0,-2.0,20.0,-20.0,-24.0,4.0,-7.4,58128.71,58128.71
2022-09-20,USA,United States,58828.0,25537.0,-10.0,-1.0,27.0,-19.0,-23.0,3.0,-5.2,58128.71,58128.71
2022-09-21,USA,United States,58089.0,25155.0,-8.0,-1.0,26.0,-19.0,-22.0,3.0,-4.8,58128.71,58128.71
2022-09-22,USA,United States,57402.0,24945.0,-9.0,-1.0,26.0,-19.0,-23.0,4.0,-5.2,58128.71,58128.71
2022-09-23,USA,United States,57035.0,24489.0,-9.0,-3.0,27.0,-18.0,-23.0,3.0,-5.2,58128.71,58128.71
2022-09-24,USA,United States,55968.0,23353.0,-8.0,-1.0,58.0,-12.0,-9.0,0.0,5.6,58128.71,58128.71
2022-09-25,USA,United States,54836.0,23322.0,-8.0,-2.0,26.0,-11.0,-10.0,1.0,-1.0,52675.0,52675.0
2022-09-26,USA,United States,53768.0,23851.0,-10.0,0.0,20.0,-21.0,-24.0,4.0,-7.0,52675.0,52675.0
2022-09-27,USA,United States,53460.0,23655.0,-10.0,0.0,23.0,-20.0,-23.0,4.0,-6.0,52675.0,52675.0
2022-09-28,USA,United States,52759.0,23556.0,-11.0,-4.0,18.0,-22.0,-25.0,4.0,-8.8,52675.0,52675.0
2022-09-29,USA,United States,51948.0,23287.0,-10.0,-2.0,26.0,-21.0,-25.0,4.0,-6.4,52675.0,52675.0
2022-09-30,USA,United States,51315.0,22716.0,-10.0,-3.0,22.0,-20.0,-25.0,4.0,-7.2,52675.0,52675.0
2022-10-01,USA,United States,49987.0,21783.0,-8.0,-1.0,38.0,-15.0,-10.0,0.0,0.8,52675.0,52675.0
2022-10-02,USA,United States,48579.0,21933.0,-8.0,-2.0,20.0,-14.0,-10.0,1.0,-2.8,45890.57,45890.57
2022-10-03,USA,United States,47251.0,22669.0,-8.0,1.0,16.0,-21.0,-23.0,4.0,-7.0,45890.57,45890.57
2022-10-04,USA,United States,46647.0,22723.0,-8.0,0.0,20.0,-21.0,-22.0,4.0,-6.2,45890.57,45890.57
2022-10-05,USA,United States,45829.0,22581.0,-7.0,0.0,21.0,-21.0,-23.0,4.0,-6.0,45890.57,45890.57
2022-10-06,USA,United States,45091.0,22263.0,-7.0,0.0,33.0,-17.0,-21.0,3.0,-2.4,45890.57,45890.57
2022-10-07,USA,United States,44726.0,21779.0,-9.0,-4.0,28.0,-18.0,-23.0,3.0,-5.2,45890.57,45890.57
2022-10-08,USA,United States,43589.0,21219.0,-8.0,-2.0,54.0,-11.0,-10.0,0.0,4.6,45890.57,45890.57
2022-10-09,USA,United States,42385.0,21340.0,-8.0,-3.0,34.0,-10.0,-10.0,0.0,0.6,40083.43,40083.43
2022-10-10,USA,United States,41248.0,21808.0,-10.0,-2.0,27.0,-23.0,-31.0,6.0,-7.8,40083.43,40083.43
2022-10-11,USA,United States,40603.0,21990.0,-11.0,-2.0,26.0,-19.0,-22.0,4.0,-5.6,40083.43,40083.43
2022-10-12,USA,United States,40148.0,21789.0,-10.0,-3.0,19.0,-20.0,-22.0,4.0,-7.2,40083.43,40083.43
2022-10-13,USA,United States,39883.0,21762.0,-9.0,-2.0,18.0,-19.0,-22.0,4.0,-6.8,40083.43,40083.43
2022-10-14,USA,United States,39807.0,21544.0,-9.0,-3.0,24.0,-18.0,-23.0,3.0,-5.8,40083.43,40083.43
2022-10-15,USA,United States,39921.0,20862.0,-8.0,-1.0,50.0,-11.0,-9.0,0.0,4.2,40083.43,40083.43
